model,c,z,p,R2
summer_richness,6.070280640956825,0.19941417085175994,1.359227724363784e-6,0.3128748917997727
winter_richness,6.102916288148091,0.16180802832766752,0.002233178721085375,0.13310377846442678
summer_abundance,8.079142587971152,0.6177406748378864,1.726847268232242e-8,0.3343916212176796
winter_abundance,41.86250990443524,0.13587537958925605,0.32968337029811756,0.01744826381858766
