term,estimate,std_error,z_value,p_value,model,conf_low,conf_high,Estimate
(Intercept),0.6136624330121023,0.317400555551859,1.9334006266786075,0.053186864123907066,summer_count_logWV_by_troph,-0.008431224542545857,1.2357560905667504,0.6136624330121023
logWV,0.597771955764672,0.08637555112023566,6.9206152436881965,4.496863184750342e-12,summer_count_logWV_by_troph,0.42847898642421184,0.7670649251051322,0.597771955764672
factor(trophLevel)count_3,1.7826011124157923,0.3324218972686212,5.362465971895108,8.209343682243498e-8,summer_count_logWV_by_troph,1.1310661660968213,2.4341360587347634,1.7826011124157923
factor(trophLevel)count_4,1.0281147916766338,0.3428517612347772,2.998715211419328,0.0027112060115172362,summer_count_logWV_by_troph,0.3561376876203448,1.7000918957329227,1.0281147916766338
logWV:factor(trophLevel)count_3,-0.3974882922032977,0.08825744102430168,-4.50373688144719,6.676886633045816e-6,summer_count_logWV_by_troph,-0.5704696979785968,-0.22450688642799857,-0.3974882922032977
logWV:factor(trophLevel)count_4,-0.38142339820682297,0.09247841518394345,-4.12445863662516,3.71607764266238e-5,summer_count_logWV_by_troph,-0.5626777613146942,-0.20016903509895176,-0.38142339820682297
