area_bin,perWV,season,metric,mean_value,sd,lower,upper
Small,0,Summer,Richness,2.2016151956290826,0.09672232052206767,2.104892875107015,2.2983375161511503
Small,0,Summer,Abundance,3.9218683057742267,0.029474828310353866,3.8923934774638727,3.951343134084581
Small,0,Winter,Richness,2.0334150876800763,0.10074978879161861,1.9326652988884576,2.134164876471695
Small,0,Winter,Abundance,4.094960852264113,0.06775824423311597,4.027202608030997,4.162719096497229
Small,1.0101010101010102,Summer,Richness,2.199876800262832,0.09827477937036391,2.1016020208924684,2.298151579633196
Small,1.0101010101010102,Summer,Abundance,3.915759017206809,0.03500155820924053,3.8807574589975684,3.9507605754160493
Small,1.0101010101010102,Winter,Richness,2.033718546644139,0.10202789763150814,1.931690649012631,2.1357464442756475
Small,1.0101010101010102,Winter,Abundance,4.0879618110262825,0.0615010418641845,4.026460769162098,4.149462852890467
Small,2.0202020202020203,Summer,Richness,2.1981384048965813,0.09982723821866019,2.098311166677921,2.2979656431152415
Small,2.0202020202020203,Summer,Abundance,3.90964972863939,0.040528288108127225,3.869121440531263,3.9501780167475173
Small,2.0202020202020203,Winter,Richness,2.0340220056082026,0.10330600647139788,1.9307159991368046,2.1373280120796005
Small,2.0202020202020203,Winter,Abundance,4.080962769788453,0.055243839495252925,4.0257189302932,4.136206609283706
Small,3.0303030303030303,Summer,Richness,2.196400009530331,0.10137969706695642,2.0950203124633746,2.297779706597287
Small,3.0303030303030303,Summer,Abundance,3.903540440071972,0.04605501800701389,3.857485422064958,3.9495954580789863
Small,3.0303030303030303,Winter,Richness,2.0343254645722655,0.10458411531128742,1.929741349260978,2.1389095798835527
Small,3.0303030303030303,Winter,Abundance,4.073963728550623,0.048986637126321814,4.024977091424302,4.122950365676945
Small,4.040404040404041,Summer,Richness,2.19466161416408,0.10293215591525269,2.0917294582488273,2.2975937700793327
Small,4.040404040404041,Summer,Abundance,3.897431151504554,0.05158174790590058,3.8458494035986535,3.9490128994104543
Small,4.040404040404041,Winter,Richness,2.034628923536329,0.10586222415117715,1.9287666993851518,2.140491147687506
Small,4.040404040404041,Winter,Abundance,4.066964687312793,0.04272943475739017,4.024235252555402,4.1096941220701835
Small,5.050505050505051,Summer,Richness,2.1929232187978296,0.10448461476354891,2.088438604034281,2.2974078335613783
Small,5.050505050505051,Summer,Abundance,3.8913218629371356,0.05710847780478727,3.8342133851323483,3.948430340741923
Small,5.050505050505051,Winter,Richness,2.0349323825003918,0.10714033299106668,1.927792049509325,2.1420727154914583
Small,5.050505050505051,Winter,Abundance,4.059965646074963,0.03647223238845873,4.023493413686505,4.096437878463422
Small,6.0606060606060606,Summer,Richness,2.1911848234315787,0.10603707361184515,2.0851477498197335,2.297221897043424
Small,6.0606060606060606,Summer,Abundance,3.8852125743697172,0.06263520770367395,3.822577366666043,3.9478477820733913
Small,6.0606060606060606,Winter,Richness,2.035235841464455,0.10841844183095645,1.9268173996334987,2.1436542832954117
Small,6.0606060606060606,Winter,Abundance,4.052966604837134,0.030215030019527057,4.022751574817606,4.083181634856661
Small,7.070707070707071,Summer,Richness,2.1894464280653283,0.10758953246014143,2.081856895605187,2.2970359605254695
Small,7.070707070707071,Summer,Abundance,3.8791032858022985,0.0681619376025606,3.810941348199738,3.947265223404859
Small,7.070707070707071,Winter,Richness,2.035539300428518,0.10969655067084597,1.925842749757672,2.145235851099364
Small,7.070707070707071,Winter,Abundance,4.045967563599303,0.023957827650595984,4.022009735948707,4.0699253912499
Small,8.080808080808081,Summer,Richness,2.1877080326990774,0.10914199130843764,2.0785660413906397,2.296850024007515
Small,8.080808080808081,Summer,Abundance,3.8729939972348806,0.0736886675014473,3.7993053297334334,3.946682664736328
Small,8.080808080808081,Winter,Richness,2.0358427593925814,0.11097465951073572,1.9248680998818457,2.1468174189033173
Small,8.080808080808081,Winter,Abundance,4.038968522361474,0.01770062528166431,4.0212678970798095,4.056669147643138
Small,9.090909090909092,Summer,Richness,2.1859696373328266,0.11069445015673392,2.075275187176093,2.2966640874895603
Small,9.090909090909092,Summer,Abundance,3.8668847086674623,0.07921539740033395,3.7876693112671282,3.9461001060677963
Small,9.090909090909092,Winter,Richness,2.0361462183566448,0.11225276835062524,1.9238934500060196,2.14839898670727
Small,9.090909090909092,Winter,Abundance,4.031969481123644,0.011443422912732908,4.020526058210911,4.043412904036377
Small,10.101010101010102,Summer,Richness,2.1842312419665757,0.11224690900503015,2.0719843329615455,2.296478150971606
Small,10.101010101010102,Summer,Abundance,3.860775420100044,0.08474212729922063,3.776033292800823,3.9455175473992647
Small,10.101010101010102,Winter,Richness,2.0364496773207077,0.11353087719051498,1.9229188001301927,2.1499805545112225
Small,10.101010101010102,Winter,Abundance,4.024970439885814,0.005186220543801341,4.019784219342013,4.030156660429615
Small,11.111111111111112,Summer,Richness,2.1824928466003253,0.11379936785332642,2.068693478746999,2.2962922144536515
Small,11.111111111111112,Summer,Abundance,3.8546661315326256,0.0902688571981073,3.7643972743345184,3.944934988730733
Small,11.111111111111112,Winter,Richness,2.036753136284771,0.11480898603040453,1.9219441502543666,2.1515621223151755
Small,11.111111111111112,Winter,Abundance,4.017971398647984,0.0010709818251299701,4.016900416822854,4.019042380473114
Small,12.121212121212121,Summer,Richness,2.180754451234075,0.1153518267016227,2.065402624532452,2.2961062779356975
Small,12.121212121212121,Summer,Abundance,3.8485568429652077,0.09579558709699397,3.7527612558682137,3.9443524300622017
Small,12.121212121212121,Winter,Richness,2.0370565952488344,0.11608709487029423,1.9209695003785403,2.1531436901191285
Small,12.121212121212121,Winter,Abundance,4.010972357410155,0.0073281841940614585,4.0036441732160934,4.018300541604216
Small,13.131313131313131,Summer,Richness,2.179016055867824,0.11690428554991888,2.0621117703179053,2.2959203414177427
Small,13.131313131313131,Summer,Abundance,3.842447554397789,0.10132231699588069,3.741125237401908,3.9437698713936697
Small,13.131313131313131,Winter,Richness,2.0373600542128973,0.1173652037101838,1.9199948505027136,2.154725257923081
Small,13.131313131313131,Winter,Abundance,4.003973316172324,0.013585386562992878,3.9903879296093314,4.017558702735317
Small,14.141414141414142,Summer,Richness,2.1772776605015736,0.11845674439821519,2.0588209161033584,2.2957344048997887
Small,14.141414141414142,Summer,Abundance,3.836338265830371,0.10684904689476736,3.729489218935604,3.9431873127251382
Small,14.141414141414142,Winter,Richness,2.0376635131769607,0.11864331255007358,1.919020200626887,2.156306825727034
Small,14.141414141414142,Winter,Abundance,3.9969742749344945,0.019842588931924362,3.9771316860025703,4.016816863866419
Small,15.151515151515152,Summer,Richness,2.1755392651353227,0.1200092032465114,2.0555300618888115,2.295548468381834
Small,15.151515151515152,Summer,Abundance,3.8302289772629527,0.11237577679365404,3.717853200469299,3.9426047540566067
Small,15.151515151515152,Winter,Richness,2.0379669721410236,0.11992142138996316,1.9180455507510605,2.1578883935309867
Small,15.151515151515152,Winter,Abundance,3.9899752336966645,0.026099791300855844,3.9638754423958087,4.01607502499752
Small,16.161616161616163,Summer,Richness,2.1738008697690723,0.1215616620948077,2.0522392076742646,2.29536253186388
Small,16.161616161616163,Summer,Abundance,3.8241196886955344,0.11790250669254071,3.7062171820029937,3.942022195388075
Small,16.161616161616163,Winter,Richness,2.038270431105087,0.1211995302298529,1.917070900875234,2.1594699613349397
Small,16.161616161616163,Winter,Abundance,3.982976192458835,0.03235699366978729,3.9506191987890475,4.015333186128622
Small,17.171717171717173,Summer,Richness,2.1720624744028214,0.12311412094310392,2.0489483534597177,2.295176595345925
Small,17.171717171717173,Summer,Abundance,3.818010400128116,0.12342923659142738,3.6945811635366885,3.9414396367195437
Small,17.171717171717173,Winter,Richness,2.03857389006915,0.12247763906974245,1.9160962509994075,2.1610515291388923
Small,17.171717171717173,Winter,Abundance,3.975977151221005,0.03861419603871873,3.9373629551822864,4.014591347259723
Small,18.181818181818183,Summer,Richness,2.170324079036571,0.12466657979140018,2.045657499245171,2.294990658827971
Small,18.181818181818183,Summer,Abundance,3.8119011115606973,0.12895596649031407,3.6829451450703834,3.9408570780510113
Small,18.181818181818183,Winter,Richness,2.0388773490332133,0.12375574790963217,1.9151216011235812,2.1626330969428453
Small,18.181818181818183,Winter,Abundance,3.968978109983175,0.04487139840765025,3.924106711575525,4.013849508390825
Small,19.191919191919194,Summer,Richness,2.16858568367032,0.12621903863969638,2.042366645030624,2.2948047223100163
Small,19.191919191919194,Summer,Abundance,3.8057918229932794,0.13448269638920074,3.6713091266040787,3.94027451938248
Small,19.191919191919194,Winter,Richness,2.039180807997276,0.12503385674952167,1.9141469512477545,2.164214664746798
Small,19.191919191919194,Winter,Abundance,3.9619790687453453,0.051128600776581656,3.9108504679687637,4.013107669521927
Small,20.202020202020204,Summer,Richness,2.1668472883040697,0.12777149748799269,2.039075790816077,2.2946187857920624
Small,20.202020202020204,Summer,Abundance,3.799682534425861,0.14000942628808744,3.6596731081377736,3.9396919607139487
Small,20.202020202020204,Winter,Richness,2.0394842669613396,0.12631196558941146,1.9131723013719282,2.165796232550751
Small,20.202020202020204,Winter,Abundance,3.9549800275075153,0.057385803145513066,3.897594224362002,4.012365830653028
Small,21.212121212121215,Summer,Richness,2.165108892937819,0.12932395633628885,2.03578493660153,2.2944328492741075
Small,21.212121212121215,Summer,Abundance,3.793573245858443,0.14553615618697407,3.648037089671469,3.9391094020454167
Small,21.212121212121215,Winter,Richness,2.0397877259254025,0.127590074429301,1.9121976514961014,2.1673778003547035
Small,21.212121212121215,Winter,Abundance,3.9479809862696853,0.06364300551444455,3.884337980755241,4.01162399178413
Small,22.222222222222225,Summer,Richness,2.1633704975715684,0.13087641518458518,2.0324940823869833,2.2942469127561536
Small,22.222222222222225,Summer,Abundance,3.7874639572910245,0.1510628860858608,3.6364010712051638,3.938526843376885
Small,22.222222222222225,Winter,Richness,2.040091184889466,0.12886818326919072,1.9112230016202751,2.1689593681586565
Small,22.222222222222225,Winter,Abundance,3.9409819450318553,0.06990020788337586,3.8710817371484794,4.010882152915231
Small,23.232323232323235,Summer,Richness,2.1616321022053175,0.13242887403288137,2.0292032281724364,2.2940609762381987
Small,23.232323232323235,Summer,Abundance,3.7813546687236066,0.15658961598474747,3.624765052738859,3.937944284708354
Small,23.232323232323235,Winter,Richness,2.0403946438535288,0.13014629210908027,1.9102483517444484,2.170540935962609
Small,23.232323232323235,Winter,Abundance,3.9339829037940257,0.0761574102523075,3.857825493541718,4.010140314046334
Small,24.242424242424242,Summer,Richness,2.159893706839067,0.13398133288117767,2.0259123739578895,2.2938750397202448
Small,24.242424242424242,Summer,Abundance,3.775245380156188,0.16211634588363413,3.6131290342725535,3.937361726039822
Small,24.242424242424242,Winter,Richness,2.040698102817592,0.13142440094896998,1.909273701868622,2.172122503766562
Small,24.242424242424242,Winter,Abundance,3.926983862556196,0.08241461262123886,3.844569249934957,4.009398475177435
Small,25.252525252525253,Summer,Richness,2.1581553114728167,0.13553379172947397,2.0226215197433426,2.293689103202291
Small,25.252525252525253,Summer,Abundance,3.7691360915887695,0.1676430757825208,3.601493015806249,3.93677916737129
Small,25.252525252525253,Winter,Richness,2.041001561781655,0.13270250978885953,1.9082990519927956,2.1737040715705147
Small,25.252525252525253,Winter,Abundance,3.919984821318366,0.08867181499017034,3.831313006328196,4.008656636308537
Small,26.262626262626263,Summer,Richness,2.156416916106566,0.13708625057777019,2.0193306655287957,2.293503166684336
Small,26.262626262626263,Summer,Abundance,3.7630268030213516,0.1731698056814075,3.589856997339944,3.936196608702759
Small,26.262626262626263,Winter,Richness,2.0413050207457184,0.13398061862874927,1.907324402116969,2.1752856393744677
Small,26.262626262626263,Winter,Abundance,3.912985780080536,0.09492901735910184,3.8180567627214343,4.007914797439638
Small,27.272727272727273,Summer,Richness,2.1546785207403154,0.1386387094260665,2.016039811314249,2.293317230166382
Small,27.272727272727273,Summer,Abundance,3.756917514453933,0.17869653558029416,3.5782209788736385,3.935614050034227
Small,27.272727272727273,Winter,Richness,2.0416084797097818,0.13525872746863882,1.906349752241143,2.1768672071784207
Small,27.272727272727273,Winter,Abundance,3.905986738842706,0.10118621972803325,3.8048005191146728,4.007172958570739
Small,28.282828282828284,Summer,Richness,2.1529401253740645,0.14019116827436268,2.012748957099702,2.293131293648427
Small,28.282828282828284,Summer,Abundance,3.750808225886515,0.18422326547918083,3.5665849604073343,3.9350314913656956
Small,28.282828282828284,Winter,Richness,2.0419119386738447,0.13653683630852848,1.9053751023653163,2.1784487749823733
Small,28.282828282828284,Winter,Abundance,3.898987697604876,0.10744342209696471,3.791544275507911,4.0064311197018405
Small,29.292929292929294,Summer,Richness,2.151201730007814,0.14174362712265892,2.009458102885155,2.292945357130473
Small,29.292929292929294,Summer,Abundance,3.7446989373190966,0.18974999537806753,3.554948941941029,3.934448932697164
Small,29.292929292929294,Winter,Richness,2.042215397637908,0.1378149451484181,1.90440045248949,2.1800303427863263
Small,29.292929292929294,Winter,Abundance,3.8919886563670465,0.11370062446589614,3.7782880319011505,4.005689280832943
Small,30.303030303030305,Summer,Richness,2.1494633346415633,0.14329608597095508,2.006167248670608,2.2927594206125184
Small,30.303030303030305,Summer,Abundance,3.7385896487516783,0.19527672527695422,3.543312923474724,3.9338663740286326
Small,30.303030303030305,Winter,Richness,2.042518856601971,0.13909305398830765,1.9034258026136632,2.1816119105902785
Small,30.303030303030305,Winter,Abundance,3.8849896151292165,0.1199578268348276,3.765031788294389,4.0049474419640445
Small,31.313131313131315,Summer,Richness,2.1477249392753124,0.1448485448192514,2.002876394456061,2.292573484094564
Small,31.313131313131315,Summer,Abundance,3.73248036018426,0.20080345517584086,3.5316769050084194,3.9332838153601006
Small,31.313131313131315,Winter,Richness,2.0428223155660343,0.14037116282819737,1.902451152737837,2.1831934783942315
Small,31.313131313131315,Winter,Abundance,3.877990573891387,0.1262150292037591,3.7517755446876278,4.004205603095146
Small,32.323232323232325,Summer,Richness,2.145986543909062,0.14640100366754757,1.9995855402415144,2.2923875475766096
Small,32.323232323232325,Summer,Abundance,3.7263710716168417,0.20633018507472758,3.5200408865421142,3.932701256691569
Small,32.323232323232325,Winter,Richness,2.0431257745300972,0.14164927166808688,1.9014765028620104,2.184775046198184
Small,32.323232323232325,Winter,Abundance,3.870991532653557,0.1324722315726905,3.738519301080866,4.003463764226248
Small,33.333333333333336,Summer,Richness,2.144248148542811,0.1479534625158439,1.9962946860269672,2.292201611058655
Small,33.333333333333336,Summer,Abundance,3.7202617830494233,0.21185691497361425,3.508404868075809,3.9321186980230376
Small,33.333333333333336,Winter,Richness,2.0434292334941606,0.14292738050797665,1.900501852986184,2.186356614002137
Small,33.333333333333336,Winter,Abundance,3.8639924914157273,0.13872943394162196,3.7252630574741055,4.002721925357349
Small,34.343434343434346,Summer,Richness,2.1425097531765602,0.1495059213641401,1.9930038318124201,2.2920156745407003
Small,34.343434343434346,Summer,Abundance,3.714152494482005,0.21738364487250095,3.496768849609504,3.931536139354506
Small,34.343434343434346,Winter,Richness,2.0437326924582235,0.14420548934786617,1.8995272031103574,2.1879381818060897
Small,34.343434343434346,Winter,Abundance,3.856993450177897,0.14498663631055345,3.7120068138673434,4.001980086488451
Small,35.35353535353536,Summer,Richness,2.14077135781031,0.15105838021243642,1.9897129775978735,2.2918297380227464
Small,35.35353535353536,Summer,Abundance,3.7080432059145867,0.22291037477138764,3.485132831143199,3.9309535806859746
Small,35.35353535353536,Winter,Richness,2.044036151422287,0.1454835981877559,1.898552553234531,2.1895197496100427
Small,35.35353535353536,Winter,Abundance,3.849994408940067,0.15124383867948493,3.698750570260582,4.001238247619551
Small,36.36363636363637,Summer,Richness,2.1390329624440594,0.15261083906073278,1.9864221233833266,2.291643801504792
Small,36.36363636363637,Summer,Abundance,3.7019339173471684,0.22843710467027428,3.473496812676894,3.9303710220174426
Small,36.36363636363637,Winter,Richness,2.04433961038635,0.14676170702764543,1.8975779033587044,2.1911013174139953
Small,36.36363636363637,Winter,Abundance,3.8429953677022373,0.15750104104841636,3.6854943266538207,4.000496408750654
Small,37.37373737373738,Summer,Richness,2.1372945670778085,0.1541632979090289,1.9831312691687797,2.2914578649868376
Small,37.37373737373738,Summer,Abundance,3.69582462877975,0.23396383456916098,3.461860794210589,3.929788463348911
Small,37.37373737373738,Winter,Richness,2.044643069350413,0.1480398158675352,1.896603253482878,2.1926828852179483
Small,37.37373737373738,Winter,Abundance,3.8359963264644077,0.16375824341734777,3.67223808304706,3.9997545698817554
Small,38.38383838383839,Summer,Richness,2.135556171711558,0.15571575675732527,1.9798404149542328,2.291271928468883
Small,38.38383838383839,Summer,Abundance,3.6897153402123317,0.23949056446804765,3.450224775744284,3.9292059046803796
Small,38.38383838383839,Winter,Richness,2.0449465283144765,0.14931792470742475,1.8956286036070518,2.1942644530219013
Small,38.38383838383839,Winter,Abundance,3.8289972852265777,0.17001544578627922,3.6589818394402984,3.999012731012857
Small,39.3939393939394,Summer,Richness,2.1338177763453072,0.15726821560562138,1.976549560739686,2.2910859919509288
Small,39.3939393939394,Summer,Abundance,3.683606051644914,0.24501729436693429,3.4385887572779796,3.928623346011848
Small,39.3939393939394,Winter,Richness,2.0452499872785395,0.15059603354731446,1.894653953731225,2.195846020825854
Small,39.3939393939394,Winter,Abundance,3.8219982439887477,0.1762726481552107,3.645725595833537,3.9982708921439585
Small,40.40404040404041,Summer,Richness,2.132079380979057,0.15882067445391776,1.973258706525139,2.2909000554329744
Small,40.40404040404041,Summer,Abundance,3.677496763077495,0.250544024265821,3.426952738811674,3.928040787343316
Small,40.40404040404041,Winter,Richness,2.045553446242603,0.151874142387204,1.8936793038553987,2.197427588629807
Small,40.40404040404041,Winter,Abundance,3.814999202750918,0.18252985052414217,3.632469352226776,3.99752905327506
Small,41.41414141414142,Summer,Richness,2.130340985612806,0.16037313330221392,1.969967852310592,2.29071411891502
Small,41.41414141414142,Summer,Abundance,3.671387474510077,0.2560707541647077,3.4153167203453694,3.927458228674785
Small,41.41414141414142,Winter,Richness,2.0458569052066657,0.1531522512270938,1.892704653979572,2.1990091564337595
Small,41.41414141414142,Winter,Abundance,3.8080001615130876,0.1887870528930736,3.619213108620014,3.996787214406161
Small,42.42424242424243,Summer,Richness,2.1286025902465555,0.16192559215051017,1.9666769980960455,2.2905281823970656
Small,42.42424242424243,Summer,Abundance,3.665278185942659,0.2615974840635943,3.4036807018790647,3.926875670006253
Small,42.42424242424243,Winter,Richness,2.046160364170729,0.15443036006698332,1.8917300041037457,2.2005907242377125
Small,42.42424242424243,Winter,Abundance,3.801001120275258,0.19504425526200508,3.605956865013253,3.996045375537263
Small,43.43434343434344,Summer,Richness,2.1268641948803046,0.16347805099880633,1.9633861438814983,2.290342245879111
Small,43.43434343434344,Summer,Abundance,3.6591688973752405,0.267124213962481,3.3920446834127596,3.9262931113377215
Small,43.43434343434344,Winter,Richness,2.046463823134792,0.1557084689068731,1.890755354227919,2.202172292041665
Small,43.43434343434344,Winter,Abundance,3.794002079037428,0.20130145763093651,3.5927006214064914,3.9953035366683647
Small,44.44444444444445,Summer,Richness,2.1251257995140542,0.16503050984710266,1.9600952896669517,2.2901563093611568
Small,44.44444444444445,Summer,Abundance,3.653059608807822,0.27265094386136773,3.3804086649464544,3.92571055266919
Small,44.44444444444445,Winter,Richness,2.0467672820988554,0.15698657774676264,1.8897807043520927,2.203753859845618
Small,44.44444444444445,Winter,Abundance,3.7870030377995985,0.20755865999986797,3.5794443777997307,3.9945616977994662
Small,45.45454545454546,Summer,Richness,2.1233874041478034,0.16658296869539882,1.9568044354524046,2.2899703728432024
Small,45.45454545454546,Summer,Abundance,3.646950320240404,0.27817767376025443,3.3687726464801493,3.9251279940006585
Small,45.45454545454546,Winter,Richness,2.0470707410629183,0.15826468658665238,1.888806054476266,2.2053354276495707
Small,45.45454545454546,Winter,Abundance,3.7800039965617684,0.21381586236879943,3.566188134192969,3.993819858930568
Small,46.46464646464647,Summer,Richness,2.121649008781553,0.16813542754369518,1.9535135812378577,2.289784436325248
Small,46.46464646464647,Summer,Abundance,3.6408410316729856,0.2837044036591411,3.3571366280138446,3.9245454353321265
Small,46.46464646464647,Winter,Richness,2.0473742000269817,0.15954279542654193,1.8878314046004396,2.2069169954535237
Small,46.46464646464647,Winter,Abundance,3.773004955323939,0.22007306473773092,3.552931890586208,3.99307802006167
Small,47.47474747474748,Summer,Richness,2.119910613415302,0.16968788639199145,1.9502227270233106,2.2895984998072936
Small,47.47474747474748,Summer,Abundance,3.6347317431055672,0.2892311335580278,3.3455006095475395,3.923962876663595
Small,47.47474747474748,Winter,Richness,2.047677658991045,0.16082090426643167,1.8868567547246133,2.2084985632574767
Small,47.47474747474748,Winter,Abundance,3.766005914086109,0.22633026710666238,3.5396756469794464,3.9923361811927713
Small,48.484848484848484,Summer,Richness,2.1181722180490516,0.17124034524028764,1.9469318728087641,2.289412563289339
Small,48.484848484848484,Summer,Abundance,3.6286224545381494,0.2947578634569144,3.333864591081235,3.923380317995064
Small,48.484848484848484,Winter,Richness,2.047981117955108,0.16209901310632122,1.8858821048487868,2.2100801310614293
Small,48.484848484848484,Winter,Abundance,3.759006872848279,0.23258746947559375,3.5264194033726852,3.9915943423238724
Small,49.494949494949495,Summer,Richness,2.116433822682801,0.172792804088584,1.9436410185942168,2.2892266267713848
Small,49.494949494949495,Summer,Abundance,3.6225131659707306,0.3002845933558011,3.3222285726149297,3.9227977593265315
Small,49.494949494949495,Winter,Richness,2.0482845769191713,0.16337712194621093,1.8849074549729603,2.2116616988653823
Small,49.494949494949495,Winter,Abundance,3.7520078316104493,0.23884467184452518,3.513163159765924,3.9908525034549744
Small,50.505050505050505,Summer,Richness,2.1146954273165504,0.17434526293688016,1.9403501643796701,2.2890406902534304
Small,50.505050505050505,Summer,Abundance,3.6164038774033127,0.30581132325468774,3.310592554148625,3.9222152006580004
Small,50.505050505050505,Winter,Richness,2.0485880358832342,0.16465523078610045,1.8839328050971338,2.213243266669335
Small,50.505050505050505,Winter,Abundance,3.7450087903726192,0.24510187421345667,3.4999069161591625,3.990110664586076
Small,51.515151515151516,Summer,Richness,2.1129570319502995,0.1758977217851765,1.937059310165123,2.288854753735476
Small,51.515151515151516,Summer,Abundance,3.6102945888358944,0.31133805315357443,3.29895653568232,3.921632641989469
Small,51.515151515151516,Winter,Richness,2.0488914948472976,0.1659333396259902,1.8829581552213075,2.214824834473288
Small,51.515151515151516,Winter,Abundance,3.7380097491347892,0.2513590765823881,3.4866506725524014,3.989368825717177
Small,52.525252525252526,Summer,Richness,2.111218636584049,0.1774501806334727,1.9337684559505763,2.2886688172175216
Small,52.525252525252526,Summer,Abundance,3.604185300268476,0.31686478305246113,3.287320517216015,3.921050083320937
Small,52.525252525252526,Winter,Richness,2.0491949538113605,0.16721144846587974,1.8819835053454808,2.21640640227724
Small,52.525252525252526,Winter,Abundance,3.7310107078969597,0.25761627895131956,3.47339442894564,3.988626986848279
Small,53.535353535353536,Summer,Richness,2.109480241217798,0.1790026394817689,1.9304776017360292,2.288482880699567
Small,53.535353535353536,Summer,Abundance,3.5980760117010577,0.3223915129513478,3.27568449874971,3.9204675246524054
Small,53.535353535353536,Winter,Richness,2.049498412775424,0.16848955730576948,1.8810088554696545,2.2179879700811935
Small,53.535353535353536,Winter,Abundance,3.7240116666591296,0.263873481320251,3.4601381853388786,3.9878851479793807
Small,54.54545454545455,Summer,Richness,2.107741845851548,0.18055509833006506,1.9271867475214828,2.288296944181613
Small,54.54545454545455,Summer,Abundance,3.5919667231336394,0.32791824285023446,3.264048480283405,3.919884965983874
Small,54.54545454545455,Winter,Richness,2.049801871739487,0.16976766614565902,1.8800342055938277,2.2195695378851457
Small,54.54545454545455,Winter,Abundance,3.7170126254212996,0.27013068368918247,3.446881941732117,3.987143309110482
Small,55.55555555555556,Summer,Richness,2.106003450485297,0.1821075571783614,1.9238958933069354,2.2881110076636584
Small,55.55555555555556,Summer,Abundance,3.585857434566221,0.33344497274912116,3.2524124618170998,3.9193024073153424
Small,55.55555555555556,Winter,Richness,2.05010533070355,0.17104577498554877,1.8790595557180014,2.221151105689099
Small,55.55555555555556,Winter,Abundance,3.7100135841834696,0.27638788605811393,3.433625698125356,3.9864014702415833
Small,56.56565656565657,Summer,Richness,2.1042650551190465,0.18366001602665757,1.920605039092389,2.287925071145704
Small,56.56565656565657,Summer,Abundance,3.5797481459988028,0.33897170264800786,3.240776443350795,3.9187198486468104
Small,56.56565656565657,Winter,Richness,2.050408789667613,0.1723238838254383,1.8780849058421747,2.2227326734930513
Small,56.56565656565657,Winter,Abundance,3.7030145429456396,0.28264508842704544,3.4203694545185943,3.985659631372685
Small,57.57575757575758,Summer,Richness,2.1025266597527956,0.18521247487495393,1.9173141848778417,2.2877391346277496
Small,57.57575757575758,Summer,Abundance,3.5736388574313844,0.3444984325468945,3.22914042488449,3.918137289978279
Small,57.57575757575758,Winter,Richness,2.0507122486316764,0.17360199266532786,1.8771102559663486,2.2243142412970043
Small,57.57575757575758,Winter,Abundance,3.69601550170781,0.2889022907959769,3.407113210911833,3.984917792503787
Small,58.58585858585859,Summer,Richness,2.100788264386545,0.18676493372325015,1.914023330663295,2.287553198109795
Small,58.58585858585859,Summer,Abundance,3.567529568863966,0.3500251624457812,3.217504406418185,3.9175547313097474
Small,58.58585858585859,Winter,Richness,2.05101570759574,0.17488010150521757,1.8761356060905223,2.2258958091009573
Small,58.58585858585859,Winter,Abundance,3.6890164604699804,0.2951594931649083,3.393856967305072,3.984175953634889
Small,59.5959595959596,Summer,Richness,2.0990498690202943,0.18831739257154642,1.9107324764487479,2.287367261591841
Small,59.5959595959596,Summer,Abundance,3.561420280296548,0.35555189234466794,3.2058683879518797,3.916972172641216
Small,59.5959595959596,Winter,Richness,2.0513191665598027,0.17615821034510712,1.8751609562146956,2.22747737690491
Small,59.5959595959596,Winter,Abundance,3.6820174192321504,0.3014166955338397,3.380600723698311,3.98343411476599
Small,60.60606060606061,Summer,Richness,2.097311473654044,0.18986985141984275,1.9074416222342012,2.287181325073887
Small,60.60606060606061,Summer,Abundance,3.5553109917291295,0.3610786222435546,3.194232369485575,3.916389613972684
Small,60.60606060606061,Winter,Richness,2.051622625523866,0.17743631918499683,1.8741863063388693,2.229058944708863
Small,60.60606060606061,Winter,Abundance,3.6750183779943204,0.3076738979027713,3.3673444800915493,3.9826922758970915
Small,61.61616161616162,Summer,Richness,2.095573078287793,0.1914223102681389,1.904150768019654,2.286995388555932
Small,61.61616161616162,Summer,Abundance,3.5492017031617116,0.3666053521424413,3.1825963510192703,3.915807055304153
Small,61.61616161616162,Winter,Richness,2.051926084487929,0.1787144280248864,1.8732116564630426,2.2306405125128155
Small,61.61616161616162,Winter,Abundance,3.6680193367564904,0.3139311002717026,3.3540882364847877,3.981950437028193
Small,62.62626262626263,Summer,Richness,2.0938346829215426,0.19297476911643524,1.9008599138051074,2.286809452037978
Small,62.62626262626263,Summer,Abundance,3.5430924145942932,0.3721320820413279,3.170960332552965,3.9152244966356213
Small,62.62626262626263,Winter,Richness,2.0522295434519924,0.1799925368647761,1.8722370065872163,2.2322220803167685
Small,62.62626262626263,Winter,Abundance,3.661020295518661,0.3201883026406341,3.3408319928780266,3.981208598159295
Small,63.63636363636364,Summer,Richness,2.0920962875552918,0.19452722796473143,1.8975690595905603,2.286623515520023
Small,63.63636363636364,Summer,Abundance,3.5369831260268745,0.3776588119402146,3.15932431408666,3.914641937967089
Small,63.63636363636364,Winter,Richness,2.0525330024160553,0.1812706457046657,1.8712623567113895,2.233803648120721
Small,63.63636363636364,Winter,Abundance,3.654021254280831,0.32644550500956554,3.3275757492712654,3.980466759290396
Small,64.64646464646465,Summer,Richness,2.0903578921890413,0.19607968681302765,1.8942782053760137,2.286437579002069
Small,64.64646464646465,Summer,Abundance,3.530873837459456,0.3831855418391013,3.147688295620355,3.9140593792985574
Small,64.64646464646465,Winter,Richness,2.0528364613801187,0.18254875454455538,1.8702877068355632,2.235385215924674
Small,64.64646464646465,Winter,Abundance,3.647022213043001,0.33270270737849705,3.314319505664504,3.9797249204214977
Small,65.65656565656566,Summer,Richness,2.0886194968227905,0.1976321456613239,1.8909873511614665,2.2862516424841144
Small,65.65656565656566,Summer,Abundance,3.5247645488920383,0.38871227173798795,3.13605227715405,3.9134768206300263
Small,65.65656565656566,Winter,Richness,2.0531399203441816,0.18382686338444496,1.8693130569597367,2.2369667837286267
Small,65.65656565656566,Winter,Abundance,3.640023171805171,0.3389599097474285,3.3010632620577427,3.9789830815525997
Small,66.66666666666667,Summer,Richness,2.08688110145654,0.19918460450962014,1.8876964969469199,2.28606570596616
Small,66.66666666666667,Summer,Abundance,3.51865526032462,0.39423900163687464,3.124416258687745,3.912894261961495
Small,66.66666666666667,Winter,Richness,2.053443379308245,0.18510497222433467,1.8683384070839102,2.2385483515325797
Small,66.66666666666667,Winter,Abundance,3.633024130567341,0.3452171121163598,3.2878070184509816,3.978241242683701
Small,67.67676767676768,Summer,Richness,2.085142706090289,0.20073706335791636,1.8844056427323728,2.2858797694482056
Small,67.67676767676768,Summer,Abundance,3.5125459717572016,0.3997657315357613,3.1127802402214404,3.912311703292963
Small,67.67676767676768,Winter,Richness,2.0537468382723083,0.18638308106422422,1.8673637572080841,2.2401299193365327
Small,67.67676767676768,Winter,Abundance,3.6260250893295116,0.35147431448529143,3.2745507748442204,3.977499403814803
Small,68.68686868686869,Summer,Richness,2.0834043107240388,0.20228952220621266,1.881114788517826,2.285693832930251
Small,68.68686868686869,Summer,Abundance,3.5064366831897833,0.40529246143464803,3.1011442217551353,3.9117291446244313
Small,68.68686868686869,Winter,Richness,2.0540502972363712,0.187661189904114,1.8663891073322572,2.2417114871404853
Small,68.68686868686869,Winter,Abundance,3.619026048091681,0.3577315168542229,3.2612945312374584,3.976757564945904
Small,69.6969696969697,Summer,Richness,2.081665915357788,0.20384198105450893,1.877823934303279,2.285507896412297
Small,69.6969696969697,Summer,Abundance,3.500327394622365,0.4108191913335347,3.08950820328883,3.9111465859559
Small,69.6969696969697,Winter,Richness,2.054353756200434,0.18893929874400356,1.8654144574564306,2.243293054944438
Small,69.6969696969697,Winter,Abundance,3.612027006853851,0.36398871922315434,3.248038287630697,3.9760157260770055
Small,70.70707070707071,Summer,Richness,2.0799275199915375,0.20539443990280515,1.8745330800887323,2.2853219598943424
Small,70.70707070707071,Summer,Abundance,3.4942181060549466,0.41634592123242137,3.0778721848225254,3.910564027287368
Small,70.70707070707071,Winter,Richness,2.0546572151644975,0.19021740758389327,1.8644398075806041,2.244874622748391
Small,70.70707070707071,Winter,Abundance,3.6050279656160216,0.3702459215920858,3.2347820440239357,3.9752738872081075
Small,71.71717171717172,Summer,Richness,2.0781891246252866,0.2069468987511014,1.8712422258741852,2.285136023376388
Small,71.71717171717172,Summer,Abundance,3.4881088174875283,0.4218726511313081,3.0662361663562203,3.9099814686188363
Small,71.71717171717172,Winter,Richness,2.0549606741285604,0.19149551642378287,1.8634651577047776,2.2464561905523435
Small,71.71717171717172,Winter,Abundance,3.598028924378192,0.3765031239610172,3.221525800417175,3.974532048339209
Small,72.72727272727273,Summer,Richness,2.076450729259036,0.20849935759939767,1.8679513716596385,2.284950086858434
Small,72.72727272727273,Summer,Abundance,3.48199952892011,0.4273993810301947,3.054600147889915,3.909398909950305
Small,72.72727272727273,Winter,Richness,2.055264133092624,0.19277362526367256,1.8624905078289513,2.2480377583562965
Small,72.72727272727273,Winter,Abundance,3.591029883140362,0.3827603263299486,3.2082695568104134,3.9737902094703106
Small,73.73737373737374,Summer,Richness,2.0747123338927853,0.21005181644769394,1.8646605174450914,2.284764150340479
Small,73.73737373737374,Summer,Abundance,3.475890240352692,0.43292611092908145,3.0429641294236105,3.9088163512817737
Small,73.73737373737374,Winter,Richness,2.055567592056687,0.19405173410356213,1.861515857953125,2.249619326160249
Small,73.73737373737374,Winter,Abundance,3.584030841902532,0.3890175286988801,3.195013313203652,3.973048370601412
Small,74.74747474747475,Summer,Richness,2.0729739385265344,0.21160427529599016,1.8613696632305443,2.284578213822525
Small,74.74747474747475,Summer,Abundance,3.469780951785274,0.43845284082796815,3.031328110957306,3.9082337926132418
Small,74.74747474747475,Winter,Richness,2.05587105102075,0.19532984294345182,1.8605412080772983,2.251200893964202
Small,74.74747474747475,Winter,Abundance,3.5770318006647024,0.3952747310678116,3.1817570695968906,3.972306531732514
Small,75.75757575757576,Summer,Richness,2.071235543160284,0.21315673414428643,1.8580788090159976,2.2843922773045704
Small,75.75757575757576,Summer,Abundance,3.463671663217855,0.4439795707268548,3.0196920924910002,3.90765123394471
Small,75.75757575757576,Winter,Richness,2.0561745099848134,0.1966079517833414,1.859566558201472,2.2527824617681547
Small,75.75757575757576,Winter,Abundance,3.5700327594268724,0.4015319334367429,3.1685008259901295,3.9715646928636152
Small,76.76767676767678,Summer,Richness,2.069497147794033,0.21470919299258268,1.8547879548014505,2.284206340786616
Small,76.76767676767678,Summer,Abundance,3.4575623746504367,0.44950630062574154,3.008056074024695,3.9070686752761783
Small,76.76767676767678,Winter,Richness,2.0564779689488764,0.1978860606232311,1.8585919083256452,2.2543640295721072
Small,76.76767676767678,Winter,Abundance,3.5630337181890424,0.4077891358056745,3.155244582383368,3.970822853994717
Small,77.77777777777779,Summer,Richness,2.0677587524277827,0.21626165184087892,1.8514971005869039,2.2840204042686616
Small,77.77777777777779,Summer,Abundance,3.451453086083019,0.4550330305246282,2.9964200555583904,3.906486116607647
Small,77.77777777777779,Winter,Richness,2.0567814279129397,0.19916416946312068,1.857617258449819,2.2559455973760603
Small,77.77777777777779,Winter,Abundance,3.5560346769512123,0.414046338174606,3.1419883387766063,3.9700810151258183
Small,78.7878787878788,Summer,Richness,2.066020357061532,0.21781411068917517,1.8482062463723568,2.283834467750707
Small,78.7878787878788,Summer,Abundance,3.4453437975156005,0.4605597604235148,2.9847840370920857,3.9059035579391153
Small,78.7878787878788,Winter,Richness,2.0570848868770026,0.20044227830301037,1.8566426085739922,2.257527165180013
Small,78.7878787878788,Winter,Abundance,3.5490356357133828,0.42030354054353736,3.1287320951698456,3.96933917625692
Small,79.7979797979798,Summer,Richness,2.0642819616952814,0.2193665695374714,1.84491539215781,2.283648531232753
Small,79.7979797979798,Summer,Abundance,3.439234508948182,0.4660864903224015,2.9731480186257806,3.9053209992705837
Small,79.7979797979798,Winter,Richness,2.057388345841066,0.2017203871429,1.855667958698166,2.259108732983966
Small,79.7979797979798,Winter,Abundance,3.542036594475553,0.4265607429124688,3.1154758515630845,3.968597337388022
Small,80.80808080808082,Summer,Richness,2.062543566329031,0.22091902838576766,1.8416245379432634,2.283462594714799
Small,80.80808080808082,Summer,Abundance,3.433125220380764,0.47161322022128815,2.961512000159476,3.9047384406020518
Small,80.80808080808082,Winter,Richness,2.0576918048051294,0.20299849598278963,1.8546933088223398,2.260690300787919
Small,80.80808080808082,Winter,Abundance,3.535037553237723,0.43281794528140033,3.102219607956323,3.9678554985191234
Small,81.81818181818183,Summer,Richness,2.06080517096278,0.2224714872340639,1.8383336837287163,2.283276658196844
Small,81.81818181818183,Summer,Abundance,3.4270159318133455,0.47713995012017485,2.949875981693171,3.9041558819335203
Small,81.81818181818183,Winter,Richness,2.0579952637691923,0.20427660482267926,1.853718658946513,2.2622718685918715
Small,81.81818181818183,Winter,Abundance,3.528038511999893,0.43907514765033184,3.0889633643495613,3.967113659650225
Small,82.82828282828284,Summer,Richness,2.0590667755965297,0.22402394608236015,1.8350428295141696,2.28309072167889
Small,82.82828282828284,Summer,Abundance,3.420906643245927,0.4826666800190615,2.9382399632268656,3.9035733232649887
Small,82.82828282828284,Winter,Richness,2.0582987227332556,0.2055547136625689,1.8527440090706868,2.2638534363958245
Small,82.82828282828284,Winter,Abundance,3.5210394707620627,0.44533235001926325,3.0757071207427993,3.966371820781326
Small,83.83838383838385,Summer,Richness,2.057328380230279,0.2255764049306564,1.8317519752996225,2.282904785160935
Small,83.83838383838385,Summer,Abundance,3.414797354678509,0.48819340991794824,2.9266039447605605,3.902990764596457
Small,83.83838383838385,Winter,Richness,2.0586021816973186,0.20683282250245855,1.85176935919486,2.265435004199777
Small,83.83838383838385,Winter,Abundance,3.514040429524233,0.45158955238819465,3.0624508771360386,3.9656299819124277
Small,84.84848484848486,Summer,Richness,2.055589984864028,0.22712886377895264,1.8284611210850754,2.282718848642981
Small,84.84848484848486,Summer,Abundance,3.4086880661110905,0.4937201398168349,2.914967926294256,3.9024082059279253
Small,84.84848484848486,Winter,Richness,2.058905640661382,0.20811093134234815,1.8507947093190338,2.26701657200373
Small,84.84848484848486,Winter,Abundance,3.5070413882864035,0.4578467547571261,3.0491946335292774,3.9648881430435297
Small,85.85858585858587,Summer,Richness,2.0538515894977776,0.2286813226272489,1.8251702668705287,2.2825329121250264
Small,85.85858585858587,Summer,Abundance,3.402578777543672,0.4992468697157215,2.9033319078279507,3.9018256472593937
Small,85.85858585858587,Winter,Richness,2.059209099625445,0.20938904018223778,1.849820059443207,2.2685981398076827
Small,85.85858585858587,Winter,Abundance,3.5000423470485735,0.46410395712605756,3.035938389922516,3.964146304174631
Small,86.86868686868688,Summer,Richness,2.0521131941315267,0.23023378147554516,1.8218794126559816,2.282346975607072
Small,86.86868686868688,Summer,Abundance,3.396469488976254,0.5047735996146082,2.8916958893616456,3.901243088590862
Small,86.86868686868688,Winter,Richness,2.059512558589508,0.2106671490221274,1.8488454095673807,2.2701797076116357
Small,86.86868686868688,Winter,Abundance,3.4930433058107435,0.4703611594949891,3.0226821463157543,3.9634044653057328
Small,87.87878787878789,Summer,Richness,2.0503747987652763,0.23178624032384143,1.818588558441435,2.2821610390891176
Small,87.87878787878789,Summer,Abundance,3.3903602004088356,0.5103003295134949,2.880059870895341,3.9006605299223303
Small,87.87878787878789,Winter,Richness,2.0598160175535716,0.21194525786201707,1.8478707596915545,2.2717612754155887
Small,87.87878787878789,Winter,Abundance,3.486044264572914,0.4766183618639205,3.0094259027089936,3.9626626264368343
Small,88.8888888888889,Summer,Richness,2.048636403399026,0.23333869917213765,1.8152977042268883,2.2819751025711636
Small,88.8888888888889,Summer,Abundance,3.3842509118414172,0.5158270594123816,2.8684238524290357,3.9000779712537987
Small,88.8888888888889,Winter,Richness,2.0601194765176345,0.21322336670190667,1.8468961098157277,2.2733428432195413
Small,88.8888888888889,Winter,Abundance,3.479045223335084,0.48287556423285194,2.996169659102232,3.961920787567936
Small,89.89898989898991,Summer,Richness,2.046898008032775,0.23489115802043392,1.8120068500123412,2.281789166053209
Small,89.89898989898991,Summer,Abundance,3.3781416232739994,0.5213537893112682,2.856787833962731,3.8994954125852677
Small,89.89898989898991,Winter,Richness,2.060422935481698,0.21450147554179633,1.8459214599399014,2.2749244110234943
Small,89.89898989898991,Winter,Abundance,3.472046182097254,0.4891327666017834,2.9829134154954704,3.9611789486990374
Small,90.90909090909092,Summer,Richness,2.0451596126665246,0.2364436168687302,1.8087159957977943,2.281603229535255
Small,90.90909090909092,Summer,Abundance,3.372032334706581,0.526880519210155,2.845151815496426,3.898912853916736
Small,90.90909090909092,Winter,Richness,2.060726394445761,0.21577958438168596,1.844946810064075,2.276505978827447
Small,90.90909090909092,Winter,Abundance,3.465047140859424,0.4953899689707148,2.9696571718887093,3.9604371098301385
Small,91.91919191919193,Summer,Richness,2.0434212173002737,0.2379960757170264,1.8054251415832474,2.2814172930173
Small,91.91919191919193,Summer,Abundance,3.3659230461391627,0.5324072491090416,2.8335157970301212,3.898330295248204
Small,91.91919191919193,Winter,Richness,2.061029853409824,0.21705769322157561,1.8439721601882486,2.2780875466314
Small,91.91919191919193,Winter,Abundance,3.4580480996215943,0.5016471713396463,2.956400928281948,3.9596952709612405
Small,92.92929292929294,Summer,Richness,2.0416828219340233,0.23954853456532266,1.8021342873687005,2.281231356499346
Small,92.92929292929294,Summer,Abundance,3.3598137575717444,0.5379339790079283,2.821879778563816,3.8977477365796727
Small,92.92929292929294,Winter,Richness,2.061333312373887,0.21833580206146525,1.8429975103124219,2.2796691144353525
Small,92.92929292929294,Winter,Abundance,3.4510490583837647,0.5079043737085778,2.943144684675187,3.9589534320923425
Small,93.93939393939395,Summer,Richness,2.0399444265677724,0.2411009934136189,1.7988434331541536,2.281045419981391
Small,93.93939393939395,Summer,Abundance,3.353704469004326,0.5434607089068151,2.810243760097511,3.897165177911141
Small,93.93939393939395,Winter,Richness,2.0616367713379504,0.2196139109013549,1.8420228604365956,2.2812506822393055
Small,93.93939393939395,Winter,Abundance,3.4440500171459347,0.5141615760775092,2.9298884410684254,3.958211593223444
Small,94.94949494949496,Summer,Richness,2.0382060312015216,0.24265345226191515,1.7955525789396063,2.280859483463437
Small,94.94949494949496,Summer,Abundance,3.3475951804369077,0.5489874388057017,2.798607741631206,3.8965826192426096
Small,94.94949494949496,Winter,Richness,2.061940230302014,0.22089201974124453,1.8410482105607693,2.2828322500432585
Small,94.94949494949496,Winter,Abundance,3.4370509759081047,0.5204187784464407,2.916632197461664,3.9574697543545456
Small,95.95959595959597,Summer,Richness,2.036467635835271,0.24420591111021142,1.7922617247250596,2.2806735469454824
Small,95.95959595959597,Summer,Abundance,3.3414858918694894,0.5545141687045884,2.786971723164901,3.8960000605740777
Small,95.95959595959597,Winter,Richness,2.0622436892660767,0.2221701285811342,1.8400735606849425,2.284413817847211
Small,95.95959595959597,Winter,Abundance,3.430051934670275,0.5266759808153721,2.903375953854903,3.956727915485647
Small,96.96969696969697,Summer,Richness,2.0347292404690203,0.24575836995850767,1.7889708705105125,2.280487610427528
Small,96.96969696969697,Summer,Abundance,3.3353766033020715,0.5600408986034751,2.7753357046985965,3.8954175019055466
Small,96.96969696969697,Winter,Richness,2.0625471482301396,0.22344823742102377,1.8390989108091158,2.2859953856511632
Small,96.96969696969697,Winter,Abundance,3.423052893432445,0.5329331831843035,2.8901197102481415,3.9559860766167487
Small,97.97979797979798,Summer,Richness,2.03299084510277,0.24731082880680388,1.785680016295966,2.2803016739095736
Small,97.97979797979798,Summer,Abundance,3.329267314734653,0.5655676285023616,2.7636996862322913,3.894834943237015
Small,97.97979797979798,Winter,Richness,2.062850607194203,0.2247263462609134,1.8381242609332895,2.2875769534551162
Small,97.97979797979798,Winter,Abundance,3.416053852194615,0.539190385553235,2.87686346664138,3.9552442377478503
Small,98.98989898989899,Summer,Richness,2.031252449736519,0.24886328765510013,1.7823891620814187,2.280115737391619
Small,98.98989898989899,Summer,Abundance,3.3231580261672344,0.5710943584012483,2.752063667765986,3.8942523845684827
Small,98.98989898989899,Winter,Richness,2.063154066158266,0.226004455100803,1.837149611057463,2.289158521259069
Small,98.98989898989899,Winter,Abundance,3.4090548109567855,0.5454475879221664,2.8636072230346192,3.954502398878952
Small,100,Summer,Richness,2.0295140543702685,0.2504157465033964,1.7790983078668723,2.279929800873665
Small,100,Summer,Abundance,3.317048737599816,0.576621088300135,2.740427649299681,3.893669825899951
Small,100,Winter,Richness,2.0634575251223293,0.22728256394069274,1.8361749611816365,2.290740089063022
Small,100,Winter,Abundance,3.4020557697189555,0.5517047902910979,2.8503509794278576,3.9537605600100534
Medium,0,Summer,Richness,2.406561987429349,0.023458608462784247,2.3831033789665645,2.4300205958921333
Medium,0,Summer,Abundance,3.984323088377302,0.007148695907090299,3.977174392470212,3.9914717842843923
Medium,0,Winter,Richness,2.24421213170034,0.022922449243647364,2.2212896824566926,2.2671345809439876
Medium,0,Winter,Abundance,3.9531914474479293,0.015416259754992943,3.9377751876929366,3.968607707202922
Medium,1.0101010101010102,Summer,Richness,2.408113127080899,0.02383513503989897,2.384277992041,2.4319482621207977
Medium,1.0101010101010102,Summer,Abundance,3.989924494464537,0.008489124797523664,3.9814353696670133,3.998413619262061
Medium,1.0101010101010102,Winter,Richness,2.2471897557283333,0.023213242756582902,2.2239765129717504,2.2704029984849163
Medium,1.0101010101010102,Winter,Abundance,3.959284242719409,0.013992629934728782,3.94529161278468,3.9732768726541376
Medium,2.0202020202020203,Summer,Richness,2.4096642667324484,0.024211661617013738,2.3854526051154346,2.433875928349462
Medium,2.0202020202020203,Summer,Abundance,3.995525900551772,0.00982955368795722,3.985696346863815,4.005355454239729
Medium,2.0202020202020203,Winter,Richness,2.250167379756327,0.02350403626951843,2.2266633434868086,2.2736714160258455
Medium,2.0202020202020203,Winter,Abundance,3.965377037990889,0.012569000114464619,3.9528080378764243,3.9779460381053533
Medium,3.0303030303030303,Summer,Richness,2.4112154063839983,0.024588188194128426,2.38662721818987,2.4358035945781267
Medium,3.0303030303030303,Summer,Abundance,4.001127306639007,0.011169982578390634,3.9899573240606165,4.012297289217398
Medium,3.0303030303030303,Winter,Richness,2.2531450037843204,0.02379482978245392,2.2293501740018664,2.2769398335667743
Medium,3.0303030303030303,Winter,Abundance,3.9714698332623684,0.01114537029420055,3.9603244629681678,3.982615203556569
Medium,4.040404040404041,Summer,Richness,2.412766546035548,0.024964714771243127,2.3878018312643046,2.437731260806791
Medium,4.040404040404041,Summer,Abundance,4.006728712726242,0.012510411468824173,3.994218301257418,4.0192391241950665
Medium,4.040404040404041,Winter,Richness,2.256122627812314,0.024085623295389463,2.2320370045169247,2.2802082511077035
Medium,4.040404040404041,Winter,Abundance,3.9775626285338483,0.0097217404739364,3.967840888059912,3.9872843690077846
Medium,5.050505050505051,Summer,Richness,2.414317685687098,0.025341241348357826,2.38897644433874,2.4396589270354556
Medium,5.050505050505051,Summer,Abundance,4.012330118813477,0.013850840359257618,3.9984792784542194,4.026180959172734
Medium,5.050505050505051,Winter,Richness,2.2591002518403074,0.024376416808324936,2.2347238350319825,2.2834766686486323
Medium,5.050505050505051,Winter,Abundance,3.983655423805328,0.008298110653672251,3.9753573131516555,3.9919535344590003
Medium,6.0606060606060606,Summer,Richness,2.415868825338647,0.025717767925472538,2.390151057413174,2.4415865932641196
Medium,6.0606060606060606,Summer,Abundance,4.017931524900712,0.015191269249691067,4.002740255651021,4.033122794150403
Medium,6.0606060606060606,Winter,Richness,2.262077875868301,0.024667210321260544,2.2374106655470407,2.2867450861895615
Medium,6.0606060606060606,Winter,Abundance,3.989748219076808,0.006874480833408064,3.9828737382434,3.996622699910216
Medium,7.070707070707071,Summer,Richness,2.417419964990197,0.026094294502587257,2.3913256704876096,2.443514259492784
Medium,7.070707070707071,Summer,Abundance,4.023532930987947,0.016531698140124635,4.007001232847822,4.0400646291280715
Medium,7.070707070707071,Winter,Richness,2.2650554998962944,0.024958003834196114,2.240097496062098,2.2900135037304907
Medium,7.070707070707071,Winter,Abundance,3.9958410143482874,0.0054508510131438745,3.9903901633351437,4.0012918653614316
Medium,8.080808080808081,Summer,Richness,2.4189711046417464,0.02647082107970195,2.3925002835620446,2.445441925721448
Medium,8.080808080808081,Summer,Abundance,4.029134337075182,0.017872127030557943,4.011262210044624,4.04700646410574
Medium,8.080808080808081,Winter,Richness,2.268033123924288,0.025248797347131587,2.2427843265771568,2.2932819212714195
Medium,8.080808080808081,Winter,Abundance,4.001933809619767,0.004027221192879846,3.997906588426887,4.005961030812647
Medium,9.090909090909092,Summer,Richness,2.4205222442932963,0.026847347656816702,2.3936748966364796,2.447369591950113
Medium,9.090909090909092,Summer,Abundance,4.0347357431624165,0.019212555920991567,4.015523187241425,4.053948299083408
Medium,9.090909090909092,Winter,Richness,2.2710107479522814,0.025539590860067088,2.245471157092214,2.2965503388123487
Medium,9.090909090909092,Winter,Abundance,4.0080266048912465,0.0026035913726157505,4.005423013518631,4.010630196263862
Medium,10.101010101010102,Summer,Richness,2.422073383944846,0.02722387423393139,2.3948495097109146,2.449297258178777
Medium,10.101010101010102,Summer,Abundance,4.040337149249652,0.02055298481142511,4.019784164438227,4.060890134061077
Medium,10.101010101010102,Winter,Richness,2.273988371980275,0.02583038437300271,2.2481579876072724,2.299818756353278
Medium,10.101010101010102,Winter,Abundance,4.014119400162727,0.0011799615523516418,4.012939438610375,4.015299361715079
Medium,11.111111111111112,Summer,Richness,2.423624523596396,0.027600400811046193,2.3960241227853496,2.451224924407442
Medium,11.111111111111112,Summer,Abundance,4.045938555336886,0.02189341370185851,4.024045141635027,4.067831969038745
Medium,11.111111111111112,Winter,Richness,2.2769659960082684,0.02612117788593817,2.25084481812233,2.3030871738942067
Medium,11.111111111111112,Winter,Abundance,4.0202121954342065,2.4366826791249349e-4,4.019968527166294,4.020455863702119
Medium,12.121212121212121,Summer,Richness,2.4251756632479458,0.027976927388160926,2.397198735859785,2.4531525906361065
Medium,12.121212121212121,Summer,Abundance,4.051539961424122,0.023233842592291852,4.028306118831829,4.074773804016414
Medium,12.121212121212121,Winter,Richness,2.279943620036262,0.026411971398873683,2.2535316486373884,2.306355591435136
Medium,12.121212121212121,Winter,Abundance,4.026304990705686,0.0016672980881767628,4.024637692617509,4.027972288793863
Medium,13.131313131313131,Summer,Richness,2.426726802899495,0.02835345396527556,2.398373348934219,2.4550802568647705
Medium,13.131313131313131,Summer,Abundance,4.057141367511356,0.02457427148272522,4.032567096028631,4.081715638994082
Medium,13.131313131313131,Winter,Richness,2.2829212440642555,0.026702764911809215,2.2562184791524462,2.3096240089760647
Medium,13.131313131313131,Winter,Abundance,4.032397785977166,0.003090927908440845,4.029306858068725,4.035488713885607
Medium,14.141414141414142,Summer,Richness,2.4282779425510452,0.02872998054239032,2.399547962008655,2.4570079230934354
Medium,14.141414141414142,Summer,Abundance,4.0627427735985915,0.025914700373158763,4.036828073225433,4.08865747397175
Medium,14.141414141414142,Winter,Richness,2.2858988680922487,0.026993558424744744,2.258905309667504,2.3128924265169934
Medium,14.141414141414142,Winter,Abundance,4.038490581248646,0.004514557728704953,4.033976023519941,4.043005138977351
Medium,15.151515151515152,Summer,Richness,2.4298290822025947,0.029106507119505024,2.4007225750830896,2.4589355893221
Medium,15.151515151515152,Summer,Abundance,4.068344179685827,0.02725512926359224,4.041089050422235,4.095599308949419
Medium,15.151515151515152,Winter,Richness,2.2888764921202425,0.027284351937680338,2.2615921401825623,2.3161608440579227
Medium,15.151515151515152,Winter,Abundance,4.044583376520126,0.005938187548969196,4.038645188971157,4.050521564069094
Medium,16.161616161616163,Summer,Richness,2.4313802218541447,0.029483033696619688,2.401897188157525,2.4608632555507644
Medium,16.161616161616163,Summer,Abundance,4.073945585773061,0.028595558154025886,4.045350027619035,4.102541143927088
Medium,16.161616161616163,Winter,Richness,2.2918541161482358,0.027575145450615866,2.26427897069762,2.3194292615988514
Medium,16.161616161616163,Winter,Abundance,4.050676171791605,0.007361817369233224,4.043314354422372,4.058037989160838
Medium,17.171717171717173,Summer,Richness,2.432931361505694,0.029859560273734445,2.403071801231959,2.4627909217794284
Medium,17.171717171717173,Summer,Abundance,4.079546991860296,0.029935987044459274,4.049611004815836,4.109482978904755
Medium,17.171717171717173,Winter,Richness,2.294831740176229,0.027865938963551367,2.266965801212678,2.32269767913978
Medium,17.171717171717173,Winter,Abundance,4.056768967063085,0.00878544718949736,4.047983519873587,4.065554414252582
Medium,18.181818181818183,Summer,Richness,2.4344825011572437,0.030236086850849133,2.4042464143063946,2.464718588008093
Medium,18.181818181818183,Summer,Abundance,4.085148397947531,0.03127641593489277,4.053871982012638,4.116424813882424
Medium,18.181818181818183,Winter,Richness,2.2978093642042228,0.028156732476486868,2.2696526317277357,2.32596609668071
Medium,18.181818181818183,Winter,Abundance,4.062861762334564,0.010209077009761522,4.052652685324802,4.073070839344326
Medium,19.191919191919194,Summer,Richness,2.4360336408087933,0.030612613427963866,2.405421027380829,2.4666462542367573
Medium,19.191919191919194,Summer,Abundance,4.090749804034766,0.03261684482532627,4.0581329592094395,4.123366648860092
Medium,19.191919191919194,Winter,Richness,2.300786988232216,0.028447525989422438,2.2723394622427935,2.3292345142216386
Medium,19.191919191919194,Winter,Abundance,4.068954557606045,0.011632706830025605,4.057321850776019,4.08058726443607
Medium,20.202020202020204,Summer,Richness,2.437584780460343,0.030989140005078616,2.4065956404552646,2.468573920465422
Medium,20.202020202020204,Summer,Abundance,4.096351210122001,0.03395727371575965,4.062393936406242,4.13030848383776
Medium,20.202020202020204,Winter,Richness,2.30376461226021,0.02873831950235798,2.2750262927578517,2.332502931762568
Medium,20.202020202020204,Winter,Abundance,4.075047352877524,0.013056336650289926,4.061991016227235,4.088103689527814
Medium,21.212121212121215,Summer,Richness,2.4391359201118927,0.03136566658219335,2.407770253529699,2.4705015866940863
Medium,21.212121212121215,Summer,Abundance,4.1019526162092355,0.03529770260619315,4.066654913603042,4.137250318815429
Medium,21.212121212121215,Winter,Richness,2.306742236288203,0.029029113015293494,2.2777131232729095,2.3357713493034966
Medium,21.212121212121215,Winter,Abundance,4.081140148149004,0.014479966470553954,4.06666018167845,4.095620114619558
Medium,22.222222222222225,Summer,Richness,2.4406870597634427,0.03174219315930801,2.4089448666041346,2.4724292529227507
Medium,22.222222222222225,Summer,Abundance,4.107554022296471,0.03663813149662659,4.070915890799844,4.144192153793098
Medium,22.222222222222225,Winter,Richness,2.309719860316197,0.029319906528228995,2.280399953787968,2.339039766844426
Medium,22.222222222222225,Winter,Abundance,4.087232943420483,0.01590359629081804,4.071329347129665,4.1031365397113015
Medium,23.232323232323235,Summer,Richness,2.442238199414992,0.032118719736422746,2.4101194796785697,2.4743569191514148
Medium,23.232323232323235,Summer,Abundance,4.113155428383706,0.03797856038706026,4.075176867996646,4.151133988770766
Medium,23.232323232323235,Winter,Richness,2.31269748434419,0.029610700041164482,2.2830867843030256,2.3423081843853546
Medium,23.232323232323235,Winter,Abundance,4.093325738691964,0.0173272261110822,4.075998512580881,4.110652964803046
Medium,24.242424242424242,Summer,Richness,2.443789339066542,0.03249524631353736,2.4112940927530047,2.4762845853800797
Medium,24.242424242424242,Summer,Abundance,4.118756834470941,0.03931898927749358,4.079437845193447,4.158075823748434
Medium,24.242424242424242,Winter,Richness,2.315675108372184,0.02990149355410001,2.285773614818084,2.345576601926284
Medium,24.242424242424242,Winter,Abundance,4.099418533963443,0.01875085593134639,4.080667678032097,4.118169389894789
Medium,25.252525252525253,Summer,Richness,2.445340478718092,0.03287177289065215,2.41246870582744,2.478212251608744
Medium,25.252525252525253,Summer,Abundance,4.124358240558176,0.04065941816792715,4.083698822390249,4.165017658726103
Medium,25.252525252525253,Winter,Richness,2.318652732400177,0.030192287067035552,2.2884604453331416,2.3488450194672126
Medium,25.252525252525253,Winter,Abundance,4.105511329234923,0.02017448575161047,4.085336843483312,4.125685814986533
Medium,26.262626262626263,Summer,Richness,2.4468916183696416,0.033248299467766876,2.4136433189018747,2.4801399178374086
Medium,26.262626262626263,Summer,Abundance,4.1299596466454105,0.04199984705836056,4.08795979958705,4.171959493703771
Medium,26.262626262626263,Winter,Richness,2.321630356428171,0.030483080579971133,2.2911472758482,2.352113437008142
Medium,26.262626262626263,Winter,Abundance,4.111604124506402,0.021598115571874688,4.090006008934528,4.133202240078277
Medium,27.272727272727273,Summer,Richness,2.4484427580211916,0.03362482604488163,2.41481793197631,2.482067584066073
Medium,27.272727272727273,Summer,Abundance,4.135561052732646,0.04334027594879398,4.092220776783852,4.17890132868144
Medium,27.272727272727273,Winter,Richness,2.324607980456164,0.03077387409290666,2.2938341063632572,2.355381854549071
Medium,27.272727272727273,Winter,Abundance,4.117696919777882,0.02302174539213866,4.094675174385743,4.140718665170021
Medium,28.282828282828284,Summer,Richness,2.4499938976727407,0.034001352621996245,2.4159925450507442,2.483995250294737
Medium,28.282828282828284,Summer,Abundance,4.14116245881988,0.044680704839227516,4.096481753980653,4.185843163659108
Medium,28.282828282828284,Winter,Richness,2.3275856044841574,0.031064667605842148,2.296520936878315,2.3586502720899998
Medium,28.282828282828284,Winter,Abundance,4.123789715049361,0.024445375212402823,4.099344339836959,4.148235090261764
Medium,29.292929292929294,Summer,Richness,2.451545037324291,0.03437787919911105,2.41716715812518,2.485922916523402
Medium,29.292929292929294,Summer,Abundance,4.146763864907116,0.046021133729660955,4.100742731177455,4.1927849986367765
Medium,29.292929292929294,Winter,Richness,2.330563228512151,0.03135546111877779,2.2992077673933733,2.361918689630929
Medium,29.292929292929294,Winter,Abundance,4.129882510320842,0.025869005032666932,4.104013505288175,4.155751515353509
Medium,30.303030303030305,Summer,Richness,2.45309617697584,0.0347544057762257,2.4183417711996142,2.487850582752066
Medium,30.303030303030305,Summer,Abundance,4.15236527099435,0.047361562620094444,4.105003708374256,4.199726833614444
Medium,30.303030303030305,Winter,Richness,2.3335408525401444,0.03164625463171324,2.301894597908431,2.3651871071718578
Medium,30.303030303030305,Winter,Abundance,4.135975305592321,0.02729263485293112,4.10868267073939,4.163267940445253
Medium,31.313131313131315,Summer,Richness,2.45464731662739,0.035130932353340465,2.4195163842740497,2.4897782489807305
Medium,31.313131313131315,Summer,Abundance,4.1579666770815855,0.04870199151052797,4.109264685571057,4.206668668592114
Medium,31.313131313131315,Winter,Richness,2.336518476568138,0.03193704814464876,2.3045814284234893,2.368455524712787
Medium,31.313131313131315,Winter,Abundance,4.142068100863801,0.02871626467319523,4.113351836190605,4.1707843655369965
Medium,32.323232323232325,Summer,Richness,2.4561984562789396,0.03550745893045513,2.4206909973484847,2.4917059152093946
Medium,32.323232323232325,Summer,Abundance,4.16356808316882,0.050042420400961164,4.1135256627678585,4.2136105035697815
Medium,32.323232323232325,Winter,Richness,2.3394961005961314,0.03222784165758424,2.307268258938547,2.3717239422537157
Medium,32.323232323232325,Winter,Abundance,4.1481608961352805,0.030139894493459392,4.1180210016418215,4.1783007906287395
Medium,33.333333333333336,Summer,Richness,2.4577495959304896,0.03588398550756989,2.4218656104229197,2.4936335814380595
Medium,33.333333333333336,Summer,Abundance,4.169169489256055,0.051382849291394785,4.1177866399646605,4.22055233854745
Medium,33.333333333333336,Winter,Richness,2.342473724624125,0.032518635170519776,2.3099550894536054,2.374992359794645
Medium,33.333333333333336,Winter,Abundance,4.154253691406761,0.031563524313723605,4.122690167093038,4.185817215720484
Medium,34.343434343434346,Summer,Richness,2.459300735582039,0.03626051208468463,2.4230402234973543,2.495561247666724
Medium,34.343434343434346,Summer,Abundance,4.17477089534329,0.05272327818182823,4.122047617161462,4.227494173525118
Medium,34.343434343434346,Winter,Richness,2.3454513486521185,0.03280942868345534,2.312641919968663,2.3782607773355737
Medium,34.343434343434346,Winter,Abundance,4.1603464866782405,0.03298715413398761,4.127359332544253,4.193333640812228
Medium,35.35353535353536,Summer,Richness,2.460851875233589,0.03663703866179937,2.4242148365717897,2.4974889138953884
Medium,35.35353535353536,Summer,Abundance,4.180372301430525,0.054063707072261755,4.126308594358264,4.234436008502787
Medium,35.35353535353536,Winter,Richness,2.348428972680112,0.03310022219639089,2.3153287504837214,2.381529194876503
Medium,35.35353535353536,Winter,Abundance,4.16643928194972,0.03441078395425169,4.132028497995468,4.200850065903972
Medium,36.36363636363637,Summer,Richness,2.462403014885139,0.037013565238914074,2.425389449646225,2.499416580124053
Medium,36.36363636363637,Summer,Abundance,4.1859737075177605,0.05540413596269525,4.130569571555065,4.241377843480456
Medium,36.36363636363637,Winter,Richness,2.351406596708105,0.0333910157093264,2.318015580998779,2.3847976124174313
Medium,36.36363636363637,Winter,Abundance,4.1725320772212,0.03583441377451604,4.136697663446683,4.208366490995716
Medium,37.37373737373738,Summer,Richness,2.4639541545366885,0.03739009181602888,2.4265640627206597,2.5013442463527173
Medium,37.37373737373738,Summer,Abundance,4.191575113604995,0.05674456485312868,4.134830548751866,4.248319678458124
Medium,37.37373737373738,Winter,Richness,2.3543842207360988,0.033681809222261945,2.3207024115138366,2.388066029958361
Medium,37.37373737373738,Winter,Abundance,4.17862487249268,0.03725804359478023,4.1413668288979,4.21588291608746
Medium,38.38383838383839,Summer,Richness,2.4655052941882385,0.037766618393143485,2.427738675795095,2.503271912581382
Medium,38.38383838383839,Summer,Abundance,4.1971765196922295,0.058084993743562074,4.139091525948667,4.255261513435792
Medium,38.38383838383839,Winter,Richness,2.357361844764092,0.03397260273519751,2.3233892420288944,2.3913344474992897
Medium,38.38383838383839,Winter,Abundance,4.1847176677641595,0.0386816734150442,4.146035994349115,4.223399341179204
Medium,39.3939393939394,Summer,Richness,2.4670564338397876,0.03814314497025818,2.4289132888695293,2.505199578810046
Medium,39.3939393939394,Summer,Abundance,4.202777925779465,0.05942542263399564,4.143352503145469,4.26220334841346
Medium,39.3939393939394,Winter,Richness,2.360339468792086,0.03426339624813301,2.3260760725439527,2.394602865040219
Medium,39.3939393939394,Winter,Abundance,4.190810463035639,0.04010530323530815,4.150705159800331,4.230915766270948
Medium,40.40404040404041,Summer,Richness,2.4686075734913375,0.03851967154737291,2.4300879019439647,2.5071272450387103
Medium,40.40404040404041,Summer,Abundance,4.2083793318667,0.06076585152442911,4.1476134803422715,4.269145183391129
Medium,40.40404040404041,Winter,Richness,2.363317092820079,0.03455418976106846,2.3287629030590105,2.3978712825811477
Medium,40.40404040404041,Winter,Abundance,4.196903258307119,0.04152893305557256,4.155374325251546,4.2384321913626914
Medium,41.41414141414142,Summer,Richness,2.4701587131428875,0.03889619812448769,2.4312625150183997,2.5090549112673752
Medium,41.41414141414142,Summer,Abundance,4.213980737953935,0.0621062804148625,4.151874457539072,4.276087018368798
Medium,41.41414141414142,Winter,Richness,2.366294716848073,0.03484498327400402,2.3314497335740687,2.401139700122077
Medium,41.41414141414142,Winter,Abundance,4.202996053578598,0.0429525628758365,4.160043490702762,4.2459486164544344
Medium,42.42424242424243,Summer,Richness,2.4717098527944374,0.03927272470160235,2.432437128092835,2.5109825774960397
Medium,42.42424242424243,Summer,Abundance,4.219582144041169,0.06344670930529603,4.156135434735873,4.283028853346465
Medium,42.42424242424243,Winter,Richness,2.369272340876066,0.035135776786939556,2.3341365640891265,2.4044081176630057
Medium,42.42424242424243,Winter,Abundance,4.209088848850078,0.04437619269610085,4.164712656153977,4.253465041546178
Medium,43.43434343434344,Summer,Richness,2.4732609924459865,0.03964925127871707,2.4336117411672693,2.5129102437247037
Medium,43.43434343434344,Summer,Abundance,4.2251835501284045,0.06478713819572945,4.160396411932675,4.289970688324134
Medium,43.43434343434344,Winter,Richness,2.37224996490406,0.03542657029987509,2.3368233946041848,2.407676535203935
Medium,43.43434343434344,Winter,Abundance,4.215181644121558,0.045799822516364934,4.169381821605193,4.260981466637923
Medium,44.44444444444445,Summer,Richness,2.4748121320975365,0.04002577785583176,2.4347863542417048,2.514837909953368
Medium,44.44444444444445,Summer,Abundance,4.23078495621564,0.06612756708616284,4.164657389129477,4.296912523301803
Medium,44.44444444444445,Winter,Richness,2.375227588932053,0.03571736381281061,2.3395102251192426,2.4109449527448636
Medium,44.44444444444445,Winter,Abundance,4.221274439393038,0.04722345233662904,4.174050987056408,4.268497891729667
Medium,45.45454545454546,Summer,Richness,2.476363271749086,0.040402304432946484,2.4359609673161393,2.5167655761820327
Medium,45.45454545454546,Summer,Abundance,4.236386362302874,0.06746799597659642,4.168918366326278,4.30385435827947
Medium,45.45454545454546,Winter,Richness,2.378205212960047,0.036008157325746144,2.342197055634301,2.414213370285793
Medium,45.45454545454546,Winter,Abundance,4.227367234664517,0.04864708215689299,4.1787201525076245,4.27601431682141
Medium,46.46464646464647,Summer,Richness,2.477914411400636,0.04077883101006126,2.4371355803905748,2.518693242410697
Medium,46.46464646464647,Summer,Abundance,4.24198776839011,0.0688084248670299,4.1731793435230795,4.31079619325714
Medium,46.46464646464647,Winter,Richness,2.38118283698804,0.0362989508386817,2.3448838861493586,2.4174817878267216
Medium,46.46464646464647,Winter,Abundance,4.233460029935998,0.05007071197715728,4.183389317958841,4.283530741913155
Medium,47.47474747474748,Summer,Richness,2.4794655510521855,0.04115535758717591,2.4383101934650098,2.520620908639361
Medium,47.47474747474748,Summer,Abundance,4.247589174477345,0.0701488537574634,4.177440320719882,4.317738028234809
Medium,47.47474747474748,Winter,Richness,2.384160461016034,0.036589744351617236,2.3475707166644164,2.4207502053676513
Medium,47.47474747474748,Winter,Abundance,4.239552825207476,0.05149434179742153,4.188058483410055,4.291047167004898
Medium,48.484848484848484,Summer,Richness,2.4810166907037354,0.04153188416429058,2.4394848065394448,2.522548574868026
Medium,48.484848484848484,Summer,Abundance,4.2531905805645795,0.07148928264789683,4.181701297916683,4.324679863212476
Medium,48.484848484848484,Winter,Richness,2.387138085044027,0.03688053786455286,2.350257547179474,2.42401862290858
Medium,48.484848484848484,Winter,Abundance,4.245645620478957,0.05291797161768564,4.192727648861271,4.2985635920966425
Medium,49.494949494949495,Summer,Richness,2.4825678303552854,0.041908410741405375,2.4406594196138802,2.5244762410966906
Medium,49.494949494949495,Summer,Abundance,4.258791986651814,0.07282971153833033,4.185962275113484,4.331621698190144
Medium,49.494949494949495,Winter,Richness,2.390115709072021,0.037171331377488265,2.3529443776945325,2.4272870404495093
Medium,49.494949494949495,Winter,Abundance,4.251738415750436,0.054341601437949666,4.197396814312486,4.306080017188386
Medium,50.505050505050505,Summer,Richness,2.484118970006835,0.04228493731851999,2.441834032688315,2.526403907325355
Medium,50.505050505050505,Summer,Abundance,4.264393392739049,0.07417014042876383,4.190223252310285,4.338563533167814
Medium,50.505050505050505,Winter,Richness,2.393093333100014,0.03746212489042378,2.3556312082095903,2.430555457990438
Medium,50.505050505050505,Winter,Abundance,4.257831211021916,0.05576523125821391,4.202065979763702,4.313596442280129
Medium,51.515151515151516,Summer,Richness,2.485670109658385,0.042661463895634744,2.4430086457627502,2.5283315735540195
Medium,51.515151515151516,Summer,Abundance,4.269994798826284,0.07551056931919724,4.194484229507086,4.345505368145481
Medium,51.515151515151516,Winter,Richness,2.396070957128008,0.03775291840335931,2.3583180387246485,2.4338238755313673
Medium,51.515151515151516,Winter,Abundance,4.263924006293395,0.057188861078478044,4.2067351452149175,4.321112867371873
Medium,52.525252525252526,Summer,Richness,2.4872212493099344,0.0430379904727495,2.444183258837185,2.530259239782684
Medium,52.525252525252526,Summer,Abundance,4.275596204913519,0.07685099820963069,4.198745206703888,4.35244720312315
Medium,52.525252525252526,Winter,Richness,2.399048581156001,0.03804371191629485,2.3610048692397063,2.437092293072296
Medium,52.525252525252526,Winter,Abundance,4.270016801564876,0.05861249089874215,4.211404310666134,4.328629292463618
Medium,53.535353535353536,Summer,Richness,2.4887723889614843,0.04341451704986424,2.4453578719116202,2.5321869060113484
Medium,53.535353535353536,Summer,Abundance,4.281197611000755,0.07819142710006424,4.2030061839006905,4.359389038100819
Medium,53.535353535353536,Winter,Richness,2.402026205183995,0.03833450542923039,2.3636916997547646,2.4403607106132252
Medium,53.535353535353536,Winter,Abundance,4.276109596836355,0.06003612071900629,4.216073476117349,4.336145717555362
Medium,54.54545454545455,Summer,Richness,2.4903235286130334,0.043791043626978866,2.4465324849860544,2.5341145722400125
Medium,54.54545454545455,Summer,Abundance,4.286799017087989,0.07953185599049753,4.207267161097492,4.366330873078486
Medium,54.54545454545455,Winter,Richness,2.4050038292119877,0.038625298942165896,2.366378530269822,2.4436291281541536
Medium,54.54545454545455,Winter,Abundance,4.282202392107835,0.061459750539270185,4.220742641568565,4.343662142647105
Medium,55.55555555555556,Summer,Richness,2.4918746682645834,0.0441675702040937,2.44770709806049,2.536042238468677
Medium,55.55555555555556,Summer,Abundance,4.292400423175224,0.08087228488093122,4.211528138294293,4.373272708056156
Medium,55.55555555555556,Winter,Richness,2.4079814532399815,0.03891609245510138,2.36906536078488,2.4468975456950828
Medium,55.55555555555556,Winter,Abundance,4.2882951873793145,0.06288338035953453,4.22541180701978,4.351178567738849
Medium,56.56565656565657,Summer,Richness,2.493425807916133,0.04454409678120832,2.4488817111349244,2.5379699046973414
Medium,56.56565656565657,Summer,Abundance,4.298001829262459,0.08221271377136467,4.215789115491094,4.380214543033824
Medium,56.56565656565657,Winter,Richness,2.4109590772679748,0.039206885968037015,2.3717521912999375,2.450165963236012
Medium,56.56565656565657,Winter,Abundance,4.294387982650794,0.06430701017979856,4.230080972470995,4.358694992830593
Medium,57.57575757575758,Summer,Richness,2.494976947567683,0.044920623358323086,2.45005632420936,2.539897570926006
Medium,57.57575757575758,Summer,Abundance,4.303603235349694,0.0835531426617979,4.220050092687896,4.387156378011492
Medium,57.57575757575758,Winter,Richness,2.413936701295968,0.03949767948097259,2.3744390218149953,2.4534343807769408
Medium,57.57575757575758,Winter,Abundance,4.3004807779222745,0.06573064000006268,4.2347501379222114,4.3662114179223375
Medium,58.58585858585859,Summer,Richness,2.496528087219233,0.04529714993543781,2.451230937283795,2.541825237154671
Medium,58.58585858585859,Summer,Abundance,4.309204641436929,0.08489357155223141,4.224311069884697,4.39409821298916
Medium,58.58585858585859,Winter,Richness,2.4169143253239618,0.03978847299390803,2.3771258523300536,2.45670279831787
Medium,58.58585858585859,Winter,Abundance,4.306573573193754,0.06715426982032696,4.239419303373427,4.373727843014081
Medium,59.5959595959596,Summer,Richness,2.4980792268707823,0.04567367651255255,2.45240555035823,2.543752903383335
Medium,59.5959595959596,Summer,Abundance,4.314806047524164,0.08623400044266506,4.228572047081499,4.401040047966829
Medium,59.5959595959596,Winter,Richness,2.419891949351955,0.040079266506843535,2.3798126828451114,2.4599712158587987
Medium,59.5959595959596,Winter,Abundance,4.3126663684652335,0.06857789964059118,4.244088468824643,4.381244268105824
Medium,60.60606060606061,Summer,Richness,2.4996303665223323,0.046050203089667285,2.453580163432665,2.5456805696119997
Medium,60.60606060606061,Summer,Abundance,4.3204074536113986,0.08757442933309852,4.2328330242783,4.4079818829444974
Medium,60.60606060606061,Winter,Richness,2.422869573379949,0.04037006001977909,2.3824995133601696,2.463239633399728
Medium,60.60606060606061,Winter,Abundance,4.318759163736713,0.07000152946085515,4.248757634275858,4.388760693197568
Medium,61.61616161616162,Summer,Richness,2.501181506173882,0.04642672966678199,2.4547547765071,2.5476082358406638
Medium,61.61616161616162,Summer,Abundance,4.326008859698634,0.08891485822353197,4.237094001475102,4.414923717922166
Medium,61.61616161616162,Winter,Richness,2.425847197407942,0.04066085353271463,2.3851863438752274,2.4665080509406567
Medium,61.61616161616162,Winter,Abundance,4.324851959008193,0.07142515928111919,4.253426799727073,4.396277118289312
Medium,62.62626262626263,Summer,Richness,2.5027326458254318,0.04680325624389661,2.4559293895815353,2.5495359020693282
Medium,62.62626262626263,Summer,Abundance,4.331610265785869,0.09025528711396534,4.241354978671904,4.421865552899835
Medium,62.62626262626263,Winter,Richness,2.428824821435936,0.04095164704565016,2.3878731743902857,2.469776468481586
Medium,62.62626262626263,Winter,Abundance,4.330944754279673,0.07284878910138357,4.258095965178289,4.403793543381057
Medium,63.63636363636364,Summer,Richness,2.5042837854769813,0.047179782821011436,2.45710400265597,2.5514635682979927
Medium,63.63636363636364,Summer,Abundance,4.337211671873104,0.09159571600439892,4.245615955868705,4.4288073878775025
Medium,63.63636363636364,Winter,Richness,2.431802445463929,0.041242440558585634,2.3905600049053435,2.4730448860225147
Medium,63.63636363636364,Winter,Abundance,4.337037549551153,0.07427241892164746,4.262765130629505,4.4113099684728
Medium,64.64646464646465,Summer,Richness,2.5058349251285312,0.04755630939812607,2.4582786157304053,2.553391234526657
Medium,64.64646464646465,Summer,Abundance,4.342813077960338,0.09293614489483222,4.249876933065506,4.43574922285517
Medium,64.64646464646465,Winter,Richness,2.434780069491923,0.04153323407152117,2.3932468354204017,2.476313303563444
Medium,64.64646464646465,Winter,Abundance,4.343130344822632,0.07569604874191177,4.267434296080721,4.418826393564544
Medium,65.65656565656566,Summer,Richness,2.5073860647800803,0.04793283597524081,2.4594532288048394,2.555318900755321
Medium,65.65656565656566,Summer,Abundance,4.348414484047574,0.09427657378526581,4.254137910262307,4.44269105783284
Medium,65.65656565656566,Winter,Richness,2.437757693519916,0.041824027584456636,2.3959336659354595,2.4795817211043727
Medium,65.65656565656566,Winter,Abundance,4.349223140094112,0.07711967856217579,4.272103461531936,4.426342818656288
Medium,66.66666666666667,Summer,Richness,2.5089372044316303,0.04830936255235548,2.460627841879275,2.5572465669839857
Medium,66.66666666666667,Summer,Abundance,4.354015890134809,0.0956170026756993,4.258398887459109,4.4496328928105084
Medium,66.66666666666667,Winter,Richness,2.44073531754791,0.04211482109739231,2.3986204964505173,2.4828501386453024
Medium,66.66666666666667,Winter,Abundance,4.355315935365592,0.07854330838243995,4.276772626983152,4.433859243748032
Medium,67.67676767676768,Summer,Richness,2.5104883440831802,0.04868588912947032,2.46180245495371,2.5591742332126506
Medium,67.67676767676768,Summer,Abundance,4.359617296222043,0.09695743156613273,4.262659864655911,4.456574727788176
Medium,67.67676767676768,Winter,Richness,2.443712941575903,0.04240561461032788,2.401307326965575,2.486118556186231
Medium,67.67676767676768,Winter,Abundance,4.361408730637072,0.07996693820270422,4.281441792434367,4.441375668839776
Medium,68.68686868686869,Summer,Richness,2.5120394837347297,0.049062415706584976,2.462977068028145,2.5611018994413146
Medium,68.68686868686869,Summer,Abundance,4.365218702309278,0.09829786045656623,4.266920841852712,4.463516562765844
Medium,68.68686868686869,Winter,Richness,2.446690565603897,0.04269640812326327,2.4039941574806334,2.4893869737271603
Medium,68.68686868686869,Winter,Abundance,4.367501525908551,0.08139056802296829,4.286110957885583,4.448892093931519
Medium,69.6969696969697,Summer,Richness,2.5135906233862793,0.049438942283699695,2.4641516811025794,2.563029565669979
Medium,69.6969696969697,Summer,Abundance,4.370820108396513,0.09963828934699981,4.271181819049513,4.4704583977435135
Medium,69.6969696969697,Winter,Richness,2.44966818963189,0.04298720163619882,2.406680987995691,2.492655391268089
Medium,69.6969696969697,Winter,Abundance,4.373594321180031,0.08281419784323221,4.290780123336798,4.456408519023263
Medium,70.70707070707071,Summer,Richness,2.515141763037829,0.049815468860814394,2.465326294177015,2.5649572318986436
Medium,70.70707070707071,Summer,Abundance,4.376421514483749,0.10097871823743322,4.275442796246315,4.477400232721182
Medium,70.70707070707071,Winter,Richness,2.452645813659884,0.043277995149134385,2.4093678185107494,2.4959238088090183
Medium,70.70707070707071,Winter,Abundance,4.37968711645151,0.08423782766349656,4.295449288788014,4.463924944115007
Medium,71.71717171717172,Summer,Richness,2.516692902689379,0.05019199543792916,2.46650090725145,2.5668848981273085
Medium,71.71717171717172,Summer,Abundance,4.382022920570983,0.10231914712786662,4.279703773443116,4.48434206769885
Medium,71.71717171717172,Winter,Richness,2.455623437687877,0.043568788662069896,2.4120546490258072,2.499192226349947
Medium,71.71717171717172,Winter,Abundance,4.38577991172299,0.08566145748376072,4.300118454239229,4.471441369206751
Medium,72.72727272727273,Summer,Richness,2.5182440423409287,0.05056852201504382,2.467675520325885,2.5688125643559725
Medium,72.72727272727273,Summer,Abundance,4.3876243266582184,0.10365957601830021,4.283964750639918,4.491283902676519
Medium,72.72727272727273,Winter,Richness,2.4586010617158705,0.04385958217500531,2.414741479540865,2.502460643890876
Medium,72.72727272727273,Winter,Abundance,4.39187270699447,0.08708508730402467,4.304787619690446,4.478957794298495
Medium,73.73737373737374,Summer,Richness,2.5197951819924786,0.05094504859215855,2.46885013340032,2.5707402305846374
Medium,73.73737373737374,Summer,Abundance,4.393225732745453,0.10500000490873357,4.2882257278367195,4.498225737654186
Medium,73.73737373737374,Winter,Richness,2.461578685743864,0.04415037568794095,2.4174283100559233,2.505729061431805
Medium,73.73737373737374,Winter,Abundance,4.39796550226595,0.08850871712428879,4.309456785141661,4.486474219390239
Medium,74.74747474747475,Summer,Richness,2.521346321644028,0.05132157516927324,2.470024746474755,2.5726678968133014
Medium,74.74747474747475,Summer,Abundance,4.398827138832688,0.10634043379916693,4.292486705033522,4.505167572631855
Medium,74.74747474747475,Winter,Richness,2.464556309771858,0.044441169200876485,2.4201151405709815,2.5089974789727343
Medium,74.74747474747475,Winter,Abundance,4.404058297537429,0.08993234694455313,4.314125950592876,4.493990644481983
Medium,75.75757575757576,Summer,Richness,2.522897461295578,0.05169810174638796,2.4711993595491903,2.574595563041966
Medium,75.75757575757576,Summer,Abundance,4.404428544919923,0.10768086268960053,4.296747682230322,4.512109407609524
Medium,75.75757575757576,Winter,Richness,2.467533933799851,0.04473196271381202,2.4228019710860393,2.512265896513663
Medium,75.75757575757576,Winter,Abundance,4.410151092808909,0.09135597676481734,4.318795116044091,4.5015070695737265
Medium,76.76767676767678,Summer,Richness,2.5244486009471276,0.05207462832350266,2.472373972623625,2.5765232292706304
Medium,76.76767676767678,Summer,Abundance,4.410029951007158,0.10902129158003397,4.301008659427124,4.519051242587192
Medium,76.76767676767678,Winter,Richness,2.4705115578278445,0.04502275622674754,2.425488801601097,2.515534314054592
Medium,76.76767676767678,Winter,Abundance,4.416243888080389,0.0927796065850814,4.323464281495308,4.50902349466547
Medium,77.77777777777779,Summer,Richness,2.525999740598677,0.05245115490061742,2.47354858569806,2.5784508954992944
Medium,77.77777777777779,Summer,Abundance,4.415631357094393,0.11036172047046743,4.305269636623925,4.52599307756486
Medium,77.77777777777779,Winter,Richness,2.4734891818558378,0.04531354973968301,2.428175632116155,2.5188027315955206
Medium,77.77777777777779,Winter,Abundance,4.422336683351869,0.09420323640534543,4.328133446946524,4.516539919757214
Medium,78.7878787878788,Summer,Richness,2.527550880250227,0.05282768147773212,2.474723198772495,2.5803785617279593
Medium,78.7878787878788,Summer,Abundance,4.421232763181628,0.11170214936090113,4.309530613820727,4.532934912542529
Medium,78.7878787878788,Winter,Richness,2.4764668058838315,0.045604343252618605,2.4308624626312128,2.5220711491364503
Medium,78.7878787878788,Winter,Abundance,4.4284294786233485,0.0956268662256097,4.332802612397739,4.524056344848958
Medium,79.7979797979798,Summer,Richness,2.529102019901777,0.05320420805484692,2.4758978118469304,2.582306227956624
Medium,79.7979797979798,Summer,Abundance,4.426834169268862,0.11304257825133435,4.313791591017528,4.539876747520196
Medium,79.7979797979798,Winter,Richness,2.479444429911825,0.04589513676555414,2.4335492931462706,2.525339566677379
Medium,79.7979797979798,Winter,Abundance,4.434522273894828,0.09705049604587383,4.337471777848954,4.531572769940702
Medium,80.80808080808082,Summer,Richness,2.530653159553326,0.053580734631961495,2.4770724249213645,2.584233894185288
Medium,80.80808080808082,Summer,Abundance,4.432435575356098,0.11438300714176793,4.31805256821433,4.546818582497866
Medium,80.80808080808082,Winter,Richness,2.4824220539398185,0.046185930278489704,2.436236123661329,2.5286079842183082
Medium,80.80808080808082,Winter,Abundance,4.4406150691663075,0.0984741258661379,4.34214094330017,4.539089195032445
Medium,81.81818181818183,Summer,Richness,2.532204299204876,0.053957261209076235,2.4782470379958,2.5861615604139523
Medium,81.81818181818183,Summer,Abundance,4.438036981443333,0.11572343603220135,4.322313545411132,4.553760417475535
Medium,81.81818181818183,Winter,Richness,2.485399677967812,0.046476723791425166,2.4389229541763866,2.531876401759237
Medium,81.81818181818183,Winter,Abundance,4.446707864437788,0.09989775568640197,4.346810108751386,4.54660562012419
Medium,82.82828282828284,Summer,Richness,2.533755438856426,0.05433378778619099,2.479421651070235,2.588089226642617
Medium,82.82828282828284,Summer,Abundance,4.443638387530568,0.11706386492263463,4.326574522607933,4.560702252453202
Medium,82.82828282828284,Winter,Richness,2.4883773019958055,0.04676751730436066,2.441609784691445,2.535144819300166
Medium,82.82828282828284,Winter,Abundance,4.452800659709267,0.10132138550666603,4.3514792742026005,4.554122045215933
Medium,83.83838383838385,Summer,Richness,2.5353065785079756,0.05471031436330571,2.48059626414467,2.5900168928712812
Medium,83.83838383838385,Summer,Abundance,4.449239793617803,0.11840429381306816,4.330835499804735,4.567644087430871
Medium,83.83838383838385,Winter,Richness,2.491354926023799,0.04705831081729629,2.4442966152065027,2.538413236841095
Medium,83.83838383838385,Winter,Abundance,4.458893454980747,0.1027450153269303,4.356148439653817,4.5616384703076776
Medium,84.84848484848486,Summer,Richness,2.5368577181595255,0.055086840940420524,2.481770877219105,2.591944559099946
Medium,84.84848484848486,Summer,Abundance,4.4548411997050374,0.11974472270350182,4.335096477001535,4.57458592240854
Medium,84.84848484848486,Winter,Richness,2.494332550051792,0.04734910433023179,2.4469834457215605,2.5416816543820238
Medium,84.84848484848486,Winter,Abundance,4.464986250252227,0.1041686451471946,4.360817605105032,4.569154895399421
Medium,85.85858585858587,Summer,Richness,2.538408857811075,0.055463367517535174,2.48294549029354,2.59387222532861
Medium,85.85858585858587,Summer,Abundance,4.460442605792272,0.12108515159393521,4.339357454198336,4.581527757386207
Medium,85.85858585858587,Winter,Richness,2.497310174079786,0.047639897843167196,2.4496702762366187,2.544950071922953
Medium,85.85858585858587,Winter,Abundance,4.471079045523706,0.10559227496745863,4.365486770556248,4.576671320491164
Medium,86.86868686868688,Summer,Richness,2.539959997462625,0.05583989409464995,2.484120103367975,2.595799891557275
Medium,86.86868686868688,Summer,Abundance,4.466044011879507,0.12242558048436868,4.3436184313951385,4.588469592363876
Medium,86.86868686868688,Winter,Richness,2.500287798107779,0.047930691356102804,2.4523571067516765,2.5482184894638817
Medium,86.86868686868688,Winter,Abundance,4.477171840795187,0.10701590478772256,4.370155936007464,4.584187745582909
Medium,87.87878787878789,Summer,Richness,2.5415111371141745,0.05621642067176463,2.48529471644241,2.597727557785939
Medium,87.87878787878789,Summer,Abundance,4.471645417966743,0.12376600937480213,4.3478794085919406,4.595411427341545
Medium,87.87878787878789,Winter,Richness,2.503265422135773,0.04822148486903842,2.4550439372667343,2.5514869070048114
Medium,87.87878787878789,Winter,Abundance,4.483264636066666,0.10843953460798691,4.374825101458679,4.591704170674653
Medium,88.8888888888889,Summer,Richness,2.5430622767657245,0.056592947248879324,2.486469329516845,2.599655224014604
Medium,88.8888888888889,Summer,Abundance,4.477246824053977,0.12510643826523576,4.352140385788742,4.6023532623192125
Medium,88.8888888888889,Winter,Richness,2.506243046163766,0.04851227838197393,2.457730767781792,2.55475532454574
Medium,88.8888888888889,Winter,Abundance,4.489357431338146,0.10986316442825086,4.379494266909894,4.599220595766397
Medium,89.89898989898991,Summer,Richness,2.544613416417274,0.056969473825993946,2.48764394259128,2.601582890243268
Medium,89.89898989898991,Summer,Abundance,4.4828482301412125,0.1264468671556689,4.356401362985544,4.609295097296881
Medium,89.89898989898991,Winter,Richness,2.50922067019176,0.04880307189490935,2.4604175982968504,2.5580237420866694
Medium,89.89898989898991,Winter,Abundance,4.495450226609625,0.1112867942485153,4.38416343236111,4.606737020858141
Medium,90.90909090909092,Summer,Richness,2.546164556068824,0.057346000403108714,2.4888185556657154,2.6035105564719325
Medium,90.90909090909092,Summer,Abundance,4.488449636228447,0.12778729604610248,4.360662340182344,4.61623693227455
Medium,90.90909090909092,Winter,Richness,2.512198294219753,0.04909386540784489,2.463104428811908,2.561292159627598
Medium,90.90909090909092,Winter,Abundance,4.501543021881105,0.11271042406877917,4.388832597812326,4.614253445949884
Medium,91.91919191919193,Summer,Richness,2.5477156957203735,0.057722526980223336,2.48999316874015,2.605438222700597
Medium,91.91919191919193,Summer,Abundance,4.494051042315682,0.129127724936536,4.364923317379146,4.623178767252218
Medium,91.91919191919193,Winter,Richness,2.5151759182477464,0.049384658920780505,2.465791259326966,2.564560577168527
Medium,91.91919191919193,Winter,Abundance,4.507635817152585,0.11413405388904355,4.393501763263542,4.621769871041629
Medium,92.92929292929294,Summer,Richness,2.549266835371923,0.05809905355733815,2.491167781814585,2.607365888929261
Medium,92.92929292929294,Summer,Abundance,4.499652448402917,0.1304681538269695,4.369184294575947,4.630120602229886
Medium,92.92929292929294,Winter,Richness,2.51815354227574,0.04967545243371599,2.468478089842024,2.567828994709456
Medium,92.92929292929294,Winter,Abundance,4.513728612424065,0.11555768370930762,4.398170928714757,4.6292862961333725
Medium,93.93939393939395,Summer,Richness,2.550817975023473,0.05847558013445274,2.4923423948890204,2.6092935551579255
Medium,93.93939393939395,Summer,Abundance,4.505253854490152,0.13180858271740287,4.3734452717727494,4.637062437207555
Medium,93.93939393939395,Winter,Richness,2.5211311663037335,0.04996624594665149,2.471164920357082,2.571097412250385
Medium,93.93939393939395,Winter,Abundance,4.519821407695544,0.11698131352957171,4.402840094165972,4.636802721225116
Medium,94.94949494949496,Summer,Richness,2.5523691146750225,0.0588521067115676,2.493517007963455,2.61122122138659
Medium,94.94949494949496,Summer,Abundance,4.5108552605773875,0.1331490116078365,4.377706248969551,4.644004272185224
Medium,94.94949494949496,Winter,Richness,2.524108790331727,0.05025703945958697,2.4738517508721403,2.574365829791314
Medium,94.94949494949496,Winter,Abundance,4.525914202967024,0.11840494334983587,4.407509259617188,4.644319146316859
Medium,95.95959595959597,Summer,Richness,2.5539202543265724,0.059228633288682296,2.49469162103789,2.613148887615255
Medium,95.95959595959597,Summer,Abundance,4.516456666664622,0.13448944049826983,4.381967226166352,4.650946107162892
Medium,95.95959595959597,Winter,Richness,2.5270864143597205,0.05054783297252261,2.476538581387198,2.577634247332243
Medium,95.95959595959597,Winter,Abundance,4.532006998238504,0.11982857317009987,4.412178425068404,4.651835571408604
Medium,96.96969696969697,Summer,Richness,2.555471393978122,0.05960515986579696,2.495866234112325,2.615076553843919
Medium,96.96969696969697,Summer,Abundance,4.522058072751857,0.1358298693887033,4.386228203363154,4.657887942140561
Medium,96.96969696969697,Winter,Richness,2.5300640383877138,0.05083862648545802,2.479225411902256,2.5809026648731717
Medium,96.96969696969697,Winter,Abundance,4.538099793509984,0.12125220299036414,4.41684759051962,4.659351996500348
Medium,97.97979797979798,Summer,Richness,2.557022533629672,0.05998168644291172,2.49704084718676,2.617004220072584
Medium,97.97979797979798,Summer,Abundance,4.527659478839092,0.1371702982791369,4.390489180559955,4.6648297771182285
Medium,97.97979797979798,Winter,Richness,2.5330416624157075,0.05112941999839361,2.4819122424173137,2.5841710824141013
Medium,97.97979797979798,Winter,Abundance,4.544192588781463,0.12267583281062809,4.421516755970836,4.666868421592091
Medium,98.98989898989899,Summer,Richness,2.5585736732812214,0.060358213020026454,2.498215460261195,2.618931886301248
Medium,98.98989898989899,Summer,Abundance,4.533260884926327,0.1385107271695703,4.394750157756757,4.671771612095897
Medium,98.98989898989899,Winter,Richness,2.536019286443701,0.05142021351132917,2.4845990729323715,2.58743949995503
Medium,98.98989898989899,Winter,Abundance,4.550285384052943,0.12409946263089242,4.426185921422051,4.674384846683835
Medium,100,Summer,Richness,2.5601248129327714,0.06073473959714122,2.49939007333563,2.6208595525299128
Medium,100,Summer,Abundance,4.538862291013562,0.1398511560600039,4.3990111349535574,4.678713447073566
Medium,100,Winter,Richness,2.5389969104716945,0.051711007024264656,2.4872859034474297,2.5907079174959593
Medium,100,Winter,Abundance,4.5563781793244225,0.12552309245115648,4.430855086873266,4.681901271775579
Large,0,Summer,Richness,2.565965047718445,0.0704259327819477,2.495539114936497,2.636390980500393
Large,0,Summer,Abundance,4.032899030401916,0.021461357276584683,4.011437673125331,4.054360387678501
Large,0,Winter,Richness,2.416996594012032,0.0788018391067037,2.3381947549053286,2.4957984331187357
Large,0,Winter,Abundance,3.83698701727073,0.052997374230276624,3.7839896430404534,3.8899843915010064
Large,1.0101010101010102,Summer,Richness,2.570074714606062,0.07155631677094546,2.498518397835116,2.6416310313770075
Large,1.0101010101010102,Summer,Abundance,4.047608754553881,0.025485507092905105,4.022123247460976,4.073094261646786
Large,1.0101010101010102,Winter,Richness,2.4221661566170174,0.07980151690622896,2.3423646397107882,2.5019676735232466
Large,1.0101010101010102,Winter,Abundance,3.8538108260744304,0.04810327906393875,3.8057075470104915,3.9019141051383692
Large,2.0202020202020203,Summer,Richness,2.5741843814936782,0.07268670075994316,2.5014976807337352,2.6468710822536212
Large,2.0202020202020203,Summer,Abundance,4.062318478705847,0.02950965690922593,4.032808821796621,4.0918281356150725
Large,2.0202020202020203,Winter,Richness,2.427335719222003,0.08080119470575418,2.3465345245162488,2.5081369139277574
Large,2.0202020202020203,Winter,Abundance,3.8706346348781313,0.04320918389760089,3.8274254509805306,3.913843818775732
Large,3.0303030303030303,Summer,Richness,2.578294048381295,0.07381708474894089,2.5044769636323543,2.652111133130236
Large,3.0303030303030303,Summer,Abundance,4.077028202857812,0.03353380672554631,4.043494396132266,4.110562009583358
Large,3.0303030303030303,Winter,Richness,2.4325052818269883,0.08180087250527944,2.350704409321709,2.514306154332268
Large,3.0303030303030303,Winter,Abundance,3.887458443681832,0.03831508873126302,3.8491433549505687,3.925773532413095
Large,4.040404040404041,Summer,Richness,2.5824037152689114,0.0749474687379386,2.507456246530973,2.65735118400685
Large,4.040404040404041,Summer,Abundance,4.091737927009778,0.03755795654186673,4.054179970467911,4.129295883551644
Large,4.040404040404041,Winter,Richness,2.4376748444319745,0.0828005503048047,2.35487429412717,2.520475394736779
Large,4.040404040404041,Winter,Abundance,3.9042822524855327,0.033420993564925165,3.8708612589206077,3.9377032460504577
Large,5.050505050505051,Summer,Richness,2.5865133821565283,0.07607785272693635,2.510435529429592,2.6625912348834646
Large,5.050505050505051,Summer,Abundance,4.1064476511617425,0.04158210635818729,4.064865544803555,4.14802975751993
Large,5.050505050505051,Winter,Richness,2.4428444070369597,0.08380022810432998,2.3590441789326295,2.52664463514129
Large,5.050505050505051,Winter,Abundance,3.9211060612892332,0.02852689839858729,3.892579162890646,3.9496329596878206
Large,6.0606060606060606,Summer,Richness,2.5906230490441446,0.07720823671593408,2.5134148123282105,2.6678312857600788
Large,6.0606060606060606,Summer,Abundance,4.121157375313707,0.045606256174507843,4.0755511191392,4.166763631488215
Large,6.0606060606060606,Winter,Richness,2.4480139696419454,0.08479990590385521,2.36321406373809,2.5328138755458007
Large,6.0606060606060606,Winter,Abundance,3.937929870092934,0.023632803232249432,3.914297066860685,3.9615626733251834
Large,7.070707070707071,Summer,Richness,2.5947327159317615,0.0783386207049318,2.5163940952268296,2.6730713366366934
Large,7.070707070707071,Summer,Abundance,4.135867099465672,0.04963040599082838,4.086236693474844,4.1854975054565005
Large,7.070707070707071,Winter,Richness,2.4531835322469306,0.08579958370338045,2.36738394854355,2.538983115950311
Large,7.070707070707071,Winter,Abundance,3.9547536788966346,0.01873870806591158,3.936014970830723,3.9734923869625463
Large,8.080808080808081,Summer,Richness,2.598842382819378,0.079469004693929507,2.519373378125448,2.6783113875133076
Large,8.080808080808081,Summer,Abundance,4.150576823617638,0.05365455580714894,4.0969222678104895,4.204231379424787
Large,8.080808080808081,Winter,Richness,2.4583530948519163,0.0867992615029057,2.3715538333490107,2.545152356354822
Large,8.080808080808081,Winter,Abundance,3.9715774877003356,0.01384461289957366,3.957732874800762,3.985422100599909
Large,9.090909090909092,Summer,Richness,2.602952049706995,0.08059938868292725,2.522352661024068,2.683551438389922
Large,9.090909090909092,Summer,Abundance,4.165286547769603,0.05767870562346945,4.107607842146134,4.222965253393072
Large,9.090909090909092,Winter,Richness,2.463522657456902,0.08779893930243093,2.3757237181544713,2.551321596759333
Large,9.090909090909092,Winter,Abundance,3.988401296504036,0.008950517733235805,3.9794507787708002,3.997351814237272
Large,10.101010101010102,Summer,Richness,2.6070617165946115,0.08172977267192498,2.5253319439226867,2.6887914892665363
Large,10.101010101010102,Summer,Abundance,4.179996271921568,0.06170285543978994,4.118293416481778,4.241699127361358
Large,10.101010101010102,Winter,Richness,2.4686922200618877,0.08879861710195619,2.3798936029599314,2.557490837163844
Large,10.101010101010102,Winter,Abundance,4.005225105307737,0.0040564225668979605,4.001168682740839,4.009281527874635
Large,11.111111111111112,Summer,Richness,2.6111713834822283,0.08286015666092271,2.5283112268213057,2.694031540143151
Large,11.111111111111112,Summer,Abundance,4.194705996073534,0.06572700525611054,4.128978990817423,4.260433001329645
Large,11.111111111111112,Winter,Richness,2.473861782666873,0.08979829490148145,2.3840634877653915,2.5636600775683545
Large,11.111111111111112,Winter,Abundance,4.022048914111438,8.376725994399251e-4,4.021211241511998,4.022886586710878
Large,12.121212121212121,Summer,Richness,2.615281050369845,0.08399054064992045,2.5312905097199248,2.6992715910197655
Large,12.121212121212121,Summer,Abundance,4.209415720225499,0.06975115507243101,4.139664565153067,4.27916687529793
Large,12.121212121212121,Winter,Richness,2.4790313452718586,0.09079797270100669,2.388233372570852,2.5698293179728653
Large,12.121212121212121,Winter,Abundance,4.038872722915139,0.005731767765777786,4.033140955149361,4.044604490680917
Large,13.131313131313131,Summer,Richness,2.6193907172574615,0.08512092463891827,2.5342697926185433,2.7045116418963797
Large,13.131313131313131,Summer,Abundance,4.2241254443774645,0.07377530488875153,4.150350139488713,4.2979007492662165
Large,13.131313131313131,Winter,Richness,2.484200907876844,0.09179765050053193,2.392403257376312,2.5759985583773757
Large,13.131313131313131,Winter,Abundance,4.055696531718839,0.010625862932115641,4.045070668786724,4.066322394650954
Large,14.141414141414142,Summer,Richness,2.6235003841450784,0.0862513086279159,2.5372490755171624,2.7097516927729943
Large,14.141414141414142,Summer,Abundance,4.238835168529429,0.07779945470507202,4.161035713824357,4.316634623234502
Large,14.141414141414142,Winter,Richness,2.4893704704818296,0.09279732830005717,2.396573142181772,2.582167798781887
Large,14.141414141414142,Winter,Abundance,4.07252034052254,0.015519958098453485,4.057000382424087,4.088040298620993
Large,15.151515151515152,Summer,Richness,2.6276100510326947,0.08738169261691363,2.540228358415781,2.7149917436496085
Large,15.151515151515152,Summer,Abundance,4.253544892681395,0.08182360452139259,4.171721288160002,4.335368497202788
Large,15.151515151515152,Winter,Richness,2.4945400330868153,0.09379700609958244,2.4007430269872327,2.588337039186398
Large,15.151515151515152,Winter,Abundance,4.089344149326241,0.020414053264791378,4.068930096061449,4.109758202591032
Large,16.161616161616163,Summer,Richness,2.6317197179203116,0.08851207660591133,2.5432076413144,2.720231794526223
Large,16.161616161616163,Summer,Abundance,4.26825461683336,0.08584775433771313,4.182406862495647,4.354102371171074
Large,16.161616161616163,Winter,Richness,2.499709595691801,0.09479668389910768,2.4049129117926933,2.5945062795909086
Large,16.161616161616163,Winter,Abundance,4.106167958129942,0.02530814843112924,4.080859809698812,4.131476106561071
Large,17.171717171717173,Summer,Richness,2.635829384807928,0.0896424605949091,2.5461869242130186,2.7254718454028373
Large,17.171717171717173,Summer,Abundance,4.282964340985325,0.08987190415403375,4.193092436831291,4.372836245139359
Large,17.171717171717173,Winter,Richness,2.504879158296786,0.09579636169863295,2.4090827965981534,2.600675519995419
Large,17.171717171717173,Winter,Abundance,4.122991766933642,0.0302022435974671,4.092789523336175,4.1531940105311085
Large,18.181818181818183,Summer,Richness,2.639939051695545,0.09077284458390679,2.5491662071116385,2.730711896279452
Large,18.181818181818183,Summer,Abundance,4.29767406513729,0.09389605397035428,4.203778011166936,4.391570119107644
Large,18.181818181818183,Winter,Richness,2.510048720901772,0.0967960394981582,2.4132526814036135,2.6068447603999303
Large,18.181818181818183,Winter,Abundance,4.139815575737343,0.035096338763804996,4.104719236973538,4.1749119145011475
Large,19.191919191919194,Summer,Richness,2.6440487185831616,0.09190322857290453,2.552145490010257,2.735951947156066
Large,19.191919191919194,Summer,Abundance,4.312383789289256,0.09792020378667472,4.214463585502581,4.410303993075931
Large,19.191919191919194,Winter,Richness,2.515218283506757,0.09779571729768335,2.4174225662090736,2.6130140008044407
Large,19.191919191919194,Winter,Abundance,4.156639384541044,0.03999043393014282,4.116648950610901,4.1966298184711865
Large,20.202020202020204,Summer,Richness,2.6481583854707784,0.09303361256190228,2.555124772908876,2.7411919980326807
Large,20.202020202020204,Summer,Abundance,4.327093513441221,0.10194435360299522,4.225149159838225,4.429037867044216
Large,20.202020202020204,Winter,Richness,2.5203878461117433,0.0987953950972087,2.4215924510145346,2.619183241208952
Large,20.202020202020204,Winter,Abundance,4.173463193344745,0.044884529096480726,4.128578664248264,4.218347722441226
Large,21.212121212121215,Summer,Richness,2.652268052358395,0.09416399655089999,2.558104055807495,2.746432048909295
Large,21.212121212121215,Summer,Abundance,4.341803237593186,0.1059685034193157,4.23583473417387,4.4477717410125015
Large,21.212121212121215,Winter,Richness,2.5255574087167285,0.09979507289673394,2.4257623358199947,2.6253524816134624
Large,21.212121212121215,Winter,Abundance,4.190287002148445,0.04977862426281861,4.140508377885626,4.240065626411263
Large,22.222222222222225,Summer,Richness,2.6563777192460116,0.09529438053989774,2.561083338706114,2.7516720997859094
Large,22.222222222222225,Summer,Abundance,4.3565129617451515,0.10999265323563631,4.246520308509515,4.466505614980788
Large,22.222222222222225,Winter,Richness,2.530726971321714,0.10079475069625919,2.429932220625455,2.631521722017973
Large,22.222222222222225,Winter,Abundance,4.207110810952146,0.0546727194291565,4.152438091522989,4.261783530381302
Large,23.232323232323235,Summer,Richness,2.660487386133628,0.09642476452889545,2.5640626216047324,2.7569121506625236
Large,23.232323232323235,Summer,Abundance,4.371222685897117,0.11401680305195686,4.25720588284516,4.485239488949074
Large,23.232323232323235,Winter,Richness,2.5358965339266994,0.10179442849578445,2.434102105430915,2.637690962422484
Large,23.232323232323235,Winter,Abundance,4.2239346197558465,0.05956681459549435,4.164367805160352,4.283501434351341
Large,24.242424242424242,Summer,Richness,2.664597053021245,0.09755514851789315,2.567041904503352,2.7621522015391378
Large,24.242424242424242,Summer,Abundance,4.385932410049082,0.11804095286827737,4.267891457180805,4.5039733629173595
Large,24.242424242424242,Winter,Richness,2.541066096531685,0.10279410629530969,2.4382719902363754,2.643860202826995
Large,24.242424242424242,Winter,Abundance,4.240758428559547,0.06446090976183214,4.176297518797715,4.30521933832138
Large,25.252525252525253,Summer,Richness,2.6687067199088617,0.0986855325068909,2.570021187401971,2.7673922524157524
Large,25.252525252525253,Summer,Abundance,4.400642134201047,0.12206510268459793,4.278577031516449,4.522707236885645
Large,25.252525252525253,Winter,Richness,2.5462356591366704,0.10379378409483495,2.4424418750418355,2.6500294432315052
Large,25.252525252525253,Winter,Abundance,4.257582237363248,0.06935500492816998,4.188227232435079,4.326937242291418
Large,26.262626262626263,Summer,Richness,2.6728163867964785,0.09981591649588861,2.57300047030059,2.772632303292367
Large,26.262626262626263,Summer,Abundance,4.415351858353013,0.1260892525009184,4.289262605852095,4.541441110853931
Large,26.262626262626263,Winter,Richness,2.5514052217416565,0.10479346189436017,2.4466117598472965,2.6561986836360165
Large,26.262626262626263,Winter,Abundance,4.274406046166948,0.0742491000945079,4.200156946072441,4.348655146261456
Large,27.272727272727273,Summer,Richness,2.6769260536840953,0.10094630048488634,2.575979753199209,2.7778723541689816
Large,27.272727272727273,Summer,Abundance,4.430061582504978,0.13011340231723892,4.299948180187739,4.560174984822217
Large,27.272727272727273,Winter,Richness,2.5565747843466418,0.10579313969388544,2.450781644652756,2.6623679240405274
Large,27.272727272727273,Winter,Abundance,4.291229854970649,0.0791431952608458,4.2120866597098034,4.370373050231495
Large,28.282828282828284,Summer,Richness,2.6810357205717117,0.10207668447388409,2.5789590360978276,2.7831124050455958
Large,28.282828282828284,Summer,Abundance,4.444771306656943,0.13413755213355946,4.3106337545233835,4.578908858790502
Large,28.282828282828284,Winter,Richness,2.561744346951627,0.10679281749341066,2.4549515294582163,2.6685371644450377
Large,28.282828282828284,Winter,Abundance,4.30805366377435,0.08403729042718366,4.224016373347166,4.392090954201534
Large,29.292929292929294,Summer,Richness,2.6851453874593285,0.10320706846288182,2.5819383189964467,2.7883524559222104
Large,29.292929292929294,Summer,Abundance,4.459481030808908,0.13816170194988003,4.321319328859028,4.597642732758787
Large,29.292929292929294,Winter,Richness,2.5669139095566127,0.10779249529293591,2.459121414263677,2.6747064048495486
Large,29.292929292929294,Winter,Abundance,4.32487747257805,0.08893138559352161,4.235946086984529,4.4138088581715715
Large,30.303030303030305,Summer,Richness,2.689255054346945,0.10433745245187952,2.5849176018950653,2.7935925067988245
Large,30.303030303030305,Summer,Abundance,4.4741907549608735,0.14218585176620058,4.332004903194673,4.616376606727074
Large,30.303030303030305,Winter,Richness,2.572083472161598,0.10879217309246117,2.463291299069137,2.680875645254059
Large,30.303030303030305,Winter,Abundance,4.341701281381751,0.09382548075985936,4.247875800621892,4.435526762141611
Large,31.313131313131315,Summer,Richness,2.6933647212345617,0.10546783644087726,2.5878968847936843,2.798832557675439
Large,31.313131313131315,Summer,Abundance,4.488900479112838,0.146210001582521,4.342690477530318,4.635110480695359
Large,31.313131313131315,Winter,Richness,2.577253034766584,0.10979185089198641,2.4674611838745975,2.6870448856585707
Large,31.313131313131315,Winter,Abundance,4.358525090185452,0.09871957592619722,4.259805514259255,4.45724466611165
Large,32.323232323232325,Summer,Richness,2.697474388122178,0.106598220429875,2.590876167692303,2.8040726085520533
Large,32.323232323232325,Summer,Abundance,4.503610203264803,0.1502341513988416,4.353376051865962,4.6538443546636445
Large,32.323232323232325,Winter,Richness,2.5824225973715693,0.11079152869151168,2.4716310686800576,2.693214126063081
Large,32.323232323232325,Winter,Abundance,4.375348898989153,0.10361367109253514,4.271735227896618,4.478962570081689
Large,33.333333333333336,Summer,Richness,2.701584055009795,0.1077286044188727,2.5938554505909224,2.8093126594286675
Large,33.333333333333336,Summer,Abundance,4.518319927416769,0.15425830121516212,4.364061626201607,4.672578228631931
Large,33.333333333333336,Winter,Richness,2.587592159976555,0.11179120649103692,2.475800953485518,2.699383366467592
Large,33.333333333333336,Winter,Abundance,4.392172707792854,0.10850776625887307,4.283664941533981,4.500680474051727
Large,34.343434343434346,Summer,Richness,2.7056937218974113,0.10885898840787044,2.596834733489541,2.8145527103052816
Large,34.343434343434346,Summer,Abundance,4.533029651568734,0.15828245103148264,4.374747200537252,4.691312102600216
Large,34.343434343434346,Winter,Richness,2.5927617225815403,0.1127908842905622,2.479970838290978,2.7055526068721023
Large,34.343434343434346,Winter,Abundance,4.408996516596554,0.11340186142521089,4.295594655171343,4.522398378021765
Large,35.35353535353536,Summer,Richness,2.7098033887850286,0.10998937239686817,2.5998140163881605,2.8197927611818967
Large,35.35353535353536,Summer,Abundance,4.5477393757207,0.1623066008478032,4.385432774872896,4.710045976568503
Large,35.35353535353536,Winter,Richness,2.597931285186526,0.11379056209008744,2.4841407230964383,2.7117218472766136
Large,35.35353535353536,Winter,Abundance,4.425820325400255,0.11829595659154878,4.307524368808706,4.544116281991804
Large,36.36363636363637,Summer,Richness,2.7139130556726454,0.11111975638586588,2.6027932992867795,2.8250328120585113
Large,36.36363636363637,Summer,Abundance,4.562449099872665,0.16633075066412367,4.396118349208541,4.728779850536789
Large,36.36363636363637,Winter,Richness,2.603100847791511,0.11479023988961268,2.4883106079018984,2.717891087681124
Large,36.36363636363637,Winter,Abundance,4.442644134203956,0.12319005175788661,4.319454082446069,4.565834185961843
Large,37.37373737373738,Summer,Richness,2.718022722560262,0.11225014037486364,2.605772582185398,2.8302728629351255
Large,37.37373737373738,Summer,Abundance,4.577158824024631,0.1703549004804443,4.406803923544186,4.747513724505075
Large,37.37373737373738,Winter,Richness,2.6082704103964973,0.11578991768913792,2.4924804927073594,2.7240603280856353
Large,37.37373737373738,Winter,Abundance,4.459467943007657,0.1280841469242244,4.331383796083433,4.587552089931881
Large,38.38383838383839,Summer,Richness,2.7221323894478786,0.11338052436386138,2.608751865084017,2.83551291381174
Large,38.38383838383839,Summer,Abundance,4.5918685481765955,0.1743790502967648,4.4174894978798305,4.7662475984733605
Large,38.38383838383839,Winter,Richness,2.6134399730014826,0.11678959548866313,2.4966503775128195,2.7302295684901456
Large,38.38383838383839,Winter,Abundance,4.476291751811357,0.13297824209056236,4.343313509720795,4.609269993901919
Large,39.3939393939394,Summer,Richness,2.726242056335495,0.11451090835285918,2.6117311479826357,2.8407529646883543
Large,39.3939393939394,Summer,Abundance,4.60657827232856,0.1784032001130854,4.428175072215475,4.784981472441646
Large,39.3939393939394,Winter,Richness,2.6186095356064683,0.11778927328818843,2.50082026231828,2.7363988088946565
Large,39.3939393939394,Winter,Abundance,4.493115560615058,0.13787233725690023,4.3552432233581575,4.630987897871958
Large,40.40404040404041,Summer,Richness,2.730351723223112,0.11564129234185683,2.6147104308812548,2.845993015564969
Large,40.40404040404041,Summer,Abundance,4.621287996480525,0.18242734992940587,4.438860646551119,4.803715346409931
Large,40.40404040404041,Winter,Richness,2.6237790982114535,0.11878895108771366,2.5049901471237397,2.7425680492991673
Large,40.40404040404041,Winter,Abundance,4.509939369418759,0.142766432423238,4.367172936995521,4.6527058018419964
Large,41.41414141414142,Summer,Richness,2.734461390110728,0.11677167633085454,2.617689713779874,2.8512330664415826
Large,41.41414141414142,Summer,Abundance,4.635997720632491,0.1864514997457264,4.449546220886765,4.822449220378218
Large,41.41414141414142,Winter,Richness,2.628948660816439,0.11978862888723892,2.5091600319292002,2.748737289703678
Large,41.41414141414142,Winter,Abundance,4.526763178222459,0.14766052758957593,4.379102650632883,4.674423705812035
Large,42.42424242424243,Summer,Richness,2.738571056998345,0.11790206031985227,2.620668996678493,2.856473117318197
Large,42.42424242424243,Summer,Abundance,4.650707444784456,0.19047564956204693,4.460231795222409,4.841183094346503
Large,42.42424242424243,Winter,Richness,2.634118223421425,0.12078830668676419,2.5133299167346608,2.754906530108189
Large,42.42424242424243,Winter,Abundance,4.54358698702616,0.15255462275591383,4.391032364270246,4.696141609782074
Large,43.43434343434344,Summer,Richness,2.742680723885962,0.11903244430884997,2.623648279577112,2.861713168194812
Large,43.43434343434344,Summer,Abundance,4.665417168936421,0.19449979937836745,4.4709173695580535,4.8599169683147885
Large,43.43434343434344,Winter,Richness,2.6392877860264106,0.12178798448628943,2.5174998015401213,2.7610757705127
Large,43.43434343434344,Winter,Abundance,4.560410795829861,0.15744871792225168,4.402962077907609,4.717859513752113
Large,44.44444444444445,Summer,Richness,2.7467903907735787,0.12016282829784775,2.626627562475731,2.8669532190714264
Large,44.44444444444445,Summer,Abundance,4.680126893088387,0.198523949194688,4.481602943893699,4.878650842283075
Large,44.44444444444445,Winter,Richness,2.644457348631396,0.1227876622858147,2.521669686345581,2.7672450109172106
Large,44.44444444444445,Winter,Abundance,4.577234604633562,0.16234281308858958,4.414891791544972,4.739577417722152
Large,45.45454545454546,Summer,Richness,2.750900057661195,0.12129321228684546,2.6296068453743495,2.8721932699480406
Large,45.45454545454546,Summer,Abundance,4.694836617240352,0.20254809901100843,4.492288518229343,4.89738471625136
Large,45.45454545454546,Winter,Richness,2.6496269112363815,0.12378734008533991,2.5258395711510415,2.7734142513217215
Large,45.45454545454546,Winter,Abundance,4.594058413437263,0.16723690825492737,4.426821505182335,4.76129532169219
Large,46.46464646464647,Summer,Richness,2.755009724548812,0.12242359627584319,2.6325861282729686,2.877433320824655
Large,46.46464646464647,Summer,Abundance,4.7095463413923175,0.2065722488273289,4.502974092564989,4.9161185902196465
Large,46.46464646464647,Winter,Richness,2.6547964738413667,0.12478701788486517,2.5300094559565016,2.779583491726232
Large,46.46464646464647,Winter,Abundance,4.610882222240964,0.17213100342126528,4.438751218819698,4.783013225662229
Large,47.47474747474748,Summer,Richness,2.7591193914364283,0.12355398026484085,2.6355654111715876,2.882673371701269
Large,47.47474747474748,Summer,Abundance,4.7242560655442825,0.21059639864364954,4.513659666900633,4.934852464187932
Large,47.47474747474748,Winter,Richness,2.6599660364463524,0.1257866956843904,2.534179340761962,2.7857527321307427
Large,47.47474747474748,Winter,Abundance,4.627706031044664,0.17702509858760318,4.45068093245706,4.804731129632267
Large,48.484848484848484,Summer,Richness,2.763229058324045,0.12468436425383862,2.6385446940702066,2.8879134225778835
Large,48.484848484848484,Summer,Abundance,4.738965789696248,0.21462054845997014,4.524345241236278,4.953586338156218
Large,48.484848484848484,Winter,Richness,2.6651355990513377,0.12678637348391564,2.538349225567422,2.7919219725352535
Large,48.484848484848484,Winter,Abundance,4.6445298398483645,0.1819191937539409,4.462610646094424,4.826449033602305
Large,49.494949494949495,Summer,Richness,2.767338725211662,0.1258147482428364,2.6415239769688257,2.893153473454498
Large,49.494949494949495,Summer,Abundance,4.753675513848213,0.2186446982762906,4.535030815571923,4.972320212124504
Large,49.494949494949495,Winter,Richness,2.670305161656324,0.12778605128344092,2.542519110372883,2.798091212939765
Large,49.494949494949495,Winter,Abundance,4.6613536486520655,0.18681328892027882,4.474540359731787,4.848166937572344
Large,50.505050505050505,Summer,Richness,2.7714483920992783,0.12694513223183412,2.6445032598674443,2.8983935243311123
Large,50.505050505050505,Summer,Abundance,4.768385238000178,0.22266884809261103,4.545716389907567,4.991054086092789
Large,50.505050505050505,Winter,Richness,2.675474724261309,0.12878572908296618,2.546688995178343,2.804260453344275
Large,50.505050505050505,Winter,Abundance,4.6781774574557655,0.19170738408661675,4.486470073369149,4.869884841542382
Large,51.515151515151516,Summer,Richness,2.775558058986895,0.1280755162208318,2.6474825427660633,2.903633575207727
Large,51.515151515151516,Summer,Abundance,4.783094962152143,0.22669299790893163,4.556401964243212,5.009787960061074
Large,51.515151515151516,Winter,Richness,2.6806442868662947,0.12978540688249143,2.5508588799838035,2.810429693748786
Large,51.515151515151516,Winter,Abundance,4.6950012662594665,0.19660147925295454,4.4983997870065116,4.891602745512421
Large,52.525252525252526,Summer,Richness,2.779667725874512,0.12920590020982953,2.6504618256646824,2.9088736260843415
Large,52.525252525252526,Summer,Abundance,4.797804686304109,0.23071714772525212,4.567087538578857,5.028521834029361
Large,52.525252525252526,Winter,Richness,2.68581384947128,0.13078508468201666,2.555028764789263,2.816598934153297
Large,52.525252525252526,Winter,Abundance,4.711825075063167,0.20149557441929247,4.510329500643875,4.9133206494824595
Large,53.535353535353536,Summer,Richness,2.7837773927621288,0.13033628419882726,2.6534411085633014,2.914113676960956
Large,53.535353535353536,Summer,Abundance,4.812514410456074,0.23474129754157275,4.577773112914501,5.047255707997646
Large,53.535353535353536,Winter,Richness,2.6909834120762657,0.13178476248154192,2.5591986495947237,2.8227681745578077
Large,53.535353535353536,Winter,Abundance,4.728648883866868,0.20638966958563026,4.522259214281238,4.9350385534524985
Large,54.54545454545455,Summer,Richness,2.787887059649745,0.131466668187825,2.65642039146192,2.9193537278375703
Large,54.54545454545455,Summer,Abundance,4.827224134608039,0.23876544735789318,4.588458687250146,5.0659895819659315
Large,54.54545454545455,Winter,Richness,2.6961529746812514,0.1327844402810672,2.563368534400184,2.8289374149623185
Large,54.54545454545455,Winter,Abundance,4.745472692670569,0.2112837647519682,4.534188927918601,4.956756457422538
Large,55.55555555555556,Summer,Richness,2.791996726537362,0.13259705217682274,2.659399674360539,2.924593778714185
Large,55.55555555555556,Summer,Abundance,4.8419338587600045,0.2427895971742137,4.599144261585791,5.084723455934218
Large,55.55555555555556,Winter,Richness,2.701322537286237,0.1337841180805924,2.5675384192056447,2.8351066553668294
Large,55.55555555555556,Winter,Abundance,4.762296501474269,0.21617785991830607,4.546118641555963,4.978474361392576
Large,56.56565656565657,Summer,Richness,2.7961063934249784,0.1337274361658205,2.6623789572591576,2.929833829590799
Large,56.56565656565657,Summer,Abundance,4.856643582911969,0.24681374699053427,4.609829835921435,5.103457329902504
Large,56.56565656565657,Winter,Richness,2.7064920998912223,0.13478379588011766,2.571708304011105,2.8412758957713398
Large,56.56565656565657,Winter,Abundance,4.77912031027797,0.22107195508464397,4.558048355193327,5.000192265362614
Large,57.57575757575758,Summer,Richness,2.800216060312595,0.13485782015481818,2.665358240157777,2.9350738804674132
Large,57.57575757575758,Summer,Abundance,4.871353307063935,0.2508378968068548,4.62051541025708,5.12219120387079
Large,57.57575757575758,Winter,Richness,2.7116616624962075,0.13578347367964294,2.5758781888165645,2.8474451361758506
Large,57.57575757575758,Winter,Abundance,4.795944119081671,0.22596605025098176,4.5699780688306895,5.021910169332653
Large,58.58585858585859,Summer,Richness,2.804325727200212,0.13598820414381596,2.668337523056396,2.940313931344028
Large,58.58585858585859,Summer,Abundance,4.8860630312159,0.2548620466231754,4.6312009845927244,5.140925077839076
Large,58.58585858585859,Winter,Richness,2.7168312251011932,0.13678315147916817,2.580048073622025,2.8536143765803614
Large,58.58585858585859,Winter,Abundance,4.812767927885371,0.23086014541731972,4.581907782468051,5.043628073302691
Large,59.5959595959596,Summer,Richness,2.8084353940878284,0.1371185881328137,2.6713168059550148,2.945553982220642
Large,59.5959595959596,Summer,Abundance,4.900772755367866,0.25888619643949595,4.64188655892837,5.159658951807362
Large,59.5959595959596,Winter,Richness,2.7220007877061785,0.1377828292786934,2.584217958427485,2.859783616984872
Large,59.5959595959596,Winter,Abundance,4.829591736689072,0.2357542405836575,4.593837496105414,5.06534597727273
Large,60.60606060606061,Summer,Richness,2.812545060975445,0.13824897212181136,2.674296088853634,2.9507940330972566
Large,60.60606060606061,Summer,Abundance,4.915482479519831,0.2629103462558164,4.652572133264014,5.1783928257756475
Large,60.60606060606061,Winter,Richness,2.7271703503111646,0.13878250707821868,2.588387843232946,2.865952857389383
Large,60.60606060606061,Winter,Abundance,4.846415545492773,0.24064833574999542,4.605767209742778,5.087063881242768
Large,61.61616161616162,Summer,Richness,2.816654727863062,0.1393793561108091,2.677275371752253,2.9560340839738712
Large,61.61616161616162,Summer,Abundance,4.930192203671796,0.26693449607213693,4.663257707599659,5.197126699743933
Large,61.61616161616162,Winter,Richness,2.73233991291615,0.13978218487774394,2.592557728038406,2.872122097793894
Large,61.61616161616162,Winter,Abundance,4.863239354296474,0.2455424309163333,4.617696923380141,5.108781785212807
Large,62.62626262626263,Summer,Richness,2.820764394750679,0.14050974009980682,2.680254654650872,2.961274134850486
Large,62.62626262626263,Summer,Abundance,4.944901927823762,0.27095864588845747,4.673943281935304,5.215860573712219
Large,62.62626262626263,Winter,Richness,2.7375094755211355,0.14078186267726914,2.5967276128438663,2.8782913381984048
Large,62.62626262626263,Winter,Abundance,4.880063163100175,0.25043652608267114,4.629626637017504,5.130499689182846
Large,63.63636363636364,Summer,Richness,2.8248740616382952,0.14164012408880458,2.6832339375494905,2.9665141857271
Large,63.63636363636364,Summer,Abundance,4.9596116519757265,0.274982795704778,4.684628856270948,5.234594447680505
Large,63.63636363636364,Winter,Richness,2.742679038126121,0.14178154047679442,2.6008974976493264,2.884460578602915
Large,63.63636363636364,Winter,Abundance,4.896886971903875,0.255330621249009,4.641556350654866,5.152217593152884
Large,64.64646464646465,Summer,Richness,2.828983728525912,0.14277050807780228,2.68621322044811,2.971754236603714
Large,64.64646464646465,Summer,Abundance,4.974321376127691,0.27900694552109845,4.695314430606593,5.25332832164879
Large,64.64646464646465,Winter,Richness,2.7478486007311065,0.14278121827631965,2.605067382454787,2.890629819007426
Large,64.64646464646465,Winter,Abundance,4.913710780707576,0.26022471641534695,4.653486064292229,5.1739354971229226
Large,65.65656565656566,Summer,Richness,2.8330933954135284,0.1439008920668001,2.6891925033467285,2.9769942874803283
Large,65.65656565656566,Summer,Abundance,4.989031100279657,0.2830310953374191,4.706000004942238,5.272062195617076
Large,65.65656565656566,Winter,Richness,2.753018163336092,0.1437808960758449,2.609237267260247,2.8967990594119373
Large,65.65656565656566,Winter,Abundance,4.930534589511277,0.2651188115816848,4.665415777929592,5.195653401092962
Large,66.66666666666667,Summer,Richness,2.8372030623011453,0.14503127605579777,2.6921717862453476,2.982234338356943
Large,66.66666666666667,Summer,Abundance,5.003740824431622,0.28705524515373965,4.716685579277883,5.290796069585362
Large,66.66666666666667,Winter,Richness,2.758187725941078,0.1447805738753702,2.6134071520657076,2.902968299816448
Large,66.66666666666667,Winter,Abundance,4.947358398314978,0.2700129067480226,4.677345491566955,5.217371305063001
Large,67.67676767676768,Summer,Richness,2.8413127291887617,0.14616166004479547,2.695151069143966,2.987474389233557
Large,67.67676767676768,Summer,Abundance,5.018450548583587,0.29107939497006013,4.727371153613527,5.309529943553647
Large,67.67676767676768,Winter,Richness,2.763357288546063,0.1457802516748953,2.6175770368711677,2.9091375402209585
Large,67.67676767676768,Winter,Abundance,4.964182207118678,0.2749070019143605,4.689275205204317,5.239089209033039
Large,68.68686868686869,Summer,Richness,2.8454223960763785,0.14729204403379323,2.6981303520425852,2.9927144401101717
Large,68.68686868686869,Summer,Abundance,5.033160272735553,0.29510354478638057,4.738056727949172,5.3282638175219335
Large,68.68686868686869,Winter,Richness,2.768526851151049,0.14677992947442067,2.6217469216766283,2.9153067806254693
Large,68.68686868686869,Winter,Abundance,4.981006015922379,0.2798010970806983,4.701204918841681,5.260807113003077
Large,69.6969696969697,Summer,Richness,2.8495320629639953,0.14842242802279088,2.7011096349412043,2.9979544909867863
Large,69.6969696969697,Summer,Abundance,5.047869996887518,0.2991276946027011,4.748742302284817,5.346997691490219
Large,69.6969696969697,Winter,Richness,2.773696413756034,0.14777960727394593,2.625916806482088,2.92147602102998
Large,69.6969696969697,Winter,Abundance,4.99782982472608,0.2846951922470362,4.7131346324790435,5.282525016973116
Large,70.70707070707071,Summer,Richness,2.853641729851612,0.14955281201178866,2.7040889178398233,3.003194541863401
Large,70.70707070707071,Summer,Abundance,5.062579721039483,0.3031518444190217,4.759427876620461,5.365731565458504
Large,70.70707070707071,Winter,Richness,2.77886597636102,0.14877928507347116,2.630086691287549,2.9276452614344914
Large,70.70707070707071,Winter,Abundance,5.014653633529781,0.28958928741337403,4.725064346116406,5.304242920943155
Large,71.71717171717172,Summer,Richness,2.8577513967392285,0.15068319600078645,2.707068200738442,3.008434592740015
Large,71.71717171717172,Summer,Abundance,5.0772894451914485,0.3071759942353423,4.7701134509561065,5.384465439426791
Large,71.71717171717172,Winter,Richness,2.7840355389660054,0.14977896287299644,2.634256576093009,2.933814501839002
Large,71.71717171717172,Winter,Abundance,5.031477442333481,0.29448338257971196,4.736994059753769,5.325960824913192
Large,72.72727272727273,Summer,Richness,2.8618610636268453,0.15181357998978415,2.7100474836370614,3.0136746436166293
Large,72.72727272727273,Summer,Abundance,5.0919991693434135,0.31120014405166274,4.780799025291751,5.403199313395076
Large,72.72727272727273,Winter,Richness,2.789205101570991,0.15077864067252164,2.6384264608984695,2.9399837422435127
Large,72.72727272727273,Winter,Abundance,5.048301251137182,0.29937747774604984,4.748923773391132,5.347678728883231
Large,73.73737373737374,Summer,Richness,2.865970730514462,0.15294396397878185,2.7130267665356804,3.018914694493244
Large,73.73737373737374,Summer,Abundance,5.106708893495378,0.3152242938679832,4.791484599627395,5.421933187363361
Large,73.73737373737374,Winter,Richness,2.7943746641759764,0.1517783184720469,2.6425963457039297,2.946152982648023
Large,73.73737373737374,Winter,Abundance,5.065125059940883,0.30427157291238766,4.760853487028495,5.36939663285327
Large,74.74747474747475,Summer,Richness,2.8700803974020785,0.15407434796777958,2.716006049434299,3.024154745369858
Large,74.74747474747475,Summer,Abundance,5.121418617647344,0.31924844368430394,4.80217017396304,5.440667061331649
Large,74.74747474747475,Winter,Richness,2.799544226780962,0.15277799627157215,2.6467662305093898,2.9523222230525343
Large,74.74747474747475,Winter,Abundance,5.0819488687445835,0.30916566807872553,4.772783200665858,5.391114536823309
Large,75.75757575757576,Summer,Richness,2.8741900642896954,0.15520473195677734,2.718985332332918,3.0293947962464727
Large,75.75757575757576,Summer,Abundance,5.13612834179931,0.32327259350062443,4.812855748298686,5.459400935299934
Large,75.75757575757576,Winter,Richness,2.8047137893859473,0.1537776740710974,2.65093611531485,2.9584914634570447
Large,75.75757575757576,Winter,Abundance,5.098772677548284,0.3140597632450635,4.78471291430322,5.4128324407933475
Large,76.76767676767678,Summer,Richness,2.8782997311773117,0.15633511594577507,2.7219646152315367,3.034634847123087
Large,76.76767676767678,Summer,Abundance,5.150838065951275,0.32729674331694486,4.82354132263433,5.478134809268219
Large,76.76767676767678,Winter,Richness,2.8098833519909334,0.15477735187062266,2.655106000120311,2.964660703861556
Large,76.76767676767678,Winter,Abundance,5.1155964863519845,0.3189538584114013,4.796642627940583,5.434550344763386
Large,77.77777777777779,Summer,Richness,2.8824093980649286,0.15746549993477277,2.7249438981301557,3.0398748979997015
Large,77.77777777777779,Summer,Abundance,5.16554779010324,0.33132089313326535,4.834226896969975,5.496868683236505
Large,77.77777777777779,Winter,Richness,2.8150529145959187,0.15577702967014787,2.659275884925771,2.9708299442660664
Large,77.77777777777779,Winter,Abundance,5.132420295155685,0.3238479535777392,4.808572341577946,5.456268248733425
Large,78.7878787878788,Summer,Richness,2.8865190649525454,0.15859588392377044,2.7279231810287747,3.045114948876316
Large,78.7878787878788,Summer,Abundance,5.180257514255206,0.335345042949586,4.844912471305619,5.515602557204792
Large,78.7878787878788,Winter,Richness,2.8202224772009044,0.15677670746967315,2.663445769731231,2.9769991846705777
Large,78.7878787878788,Winter,Abundance,5.149244103959386,0.32874204874407703,4.820502055215309,5.477986152703464
Large,79.7979797979798,Summer,Richness,2.8906287318401622,0.15972626791276817,2.730902463927394,3.0503549997529302
Large,79.7979797979798,Summer,Abundance,5.194967238407171,0.33936919276590644,4.855598045641264,5.534336431173077
Large,79.7979797979798,Winter,Richness,2.8253920398058896,0.1577763852691984,2.667615654536691,2.983168425075088
Large,79.7979797979798,Winter,Abundance,5.166067912763086,0.3336361439104149,4.832431768852672,5.499704056673501
Large,80.80808080808082,Summer,Richness,2.8947383987277786,0.16085665190176596,2.733881746826013,3.0555950506295444
Large,80.80808080808082,Summer,Abundance,5.2096769625591355,0.343393342582227,4.866283619976908,5.553070305141363
Large,80.80808080808082,Winter,Richness,2.8305616024108753,0.1587760630687237,2.6717855393421517,2.989337665479599
Large,80.80808080808082,Winter,Abundance,5.182891721566787,0.3385302390767528,4.844361482490035,5.52142196064354
Large,81.81818181818183,Summer,Richness,2.8988480656153954,0.16198703589076366,2.736861029724632,3.060835101506159
Large,81.81818181818183,Summer,Abundance,5.224386686711101,0.3474174923985475,4.8769691943125535,5.571804179109649
Large,81.81818181818183,Winter,Richness,2.835731165015861,0.15977574086824892,2.6759554241476122,2.9955069058841097
Large,81.81818181818183,Winter,Abundance,5.199715530370488,0.3434243342430906,4.856291196127398,5.543139864613579
Large,82.82828282828284,Summer,Richness,2.902957732503012,0.16311741987976136,2.7398403126232505,3.066075152382773
Large,82.82828282828284,Summer,Abundance,5.239096410863066,0.3514416422148681,4.887654768648198,5.5905380530779345
Large,82.82828282828284,Winter,Richness,2.8409007276208462,0.16077541866777417,2.680125308953072,3.0016761462886206
Large,82.82828282828284,Winter,Abundance,5.216539339174188,0.3483184294094286,4.8682209097647595,5.564857768583617
Large,83.83838383838385,Summer,Richness,2.9070673993906286,0.16424780386875912,2.7428195955218695,3.071315203259388
Large,83.83838383838385,Summer,Abundance,5.253806135015031,0.3554657920311886,4.898340342983842,5.60927192704622
Large,83.83838383838385,Winter,Richness,2.846070290225832,0.16177509646729943,2.6842951937585324,3.0078453866931314
Large,83.83838383838385,Winter,Abundance,5.233363147977889,0.3532125245757663,4.880150623402123,5.586575672553655
Large,84.84848484848486,Summer,Richness,2.9111770662782455,0.1653781878577569,2.7457988784204885,3.0765552541360024
Large,84.84848484848486,Summer,Abundance,5.268515859166996,0.3594899418475091,4.909025917319487,5.628005801014505
Large,84.84848484848486,Winter,Richness,2.8512398528308176,0.16277477426682468,2.688465078563993,3.0140146270976422
Large,84.84848484848486,Winter,Abundance,5.25018695678159,0.3581066197421042,4.892080337039486,5.608293576523694
Large,85.85858585858587,Summer,Richness,2.915286733165862,0.16650857184675455,2.748778161319107,3.0817953050126166
Large,85.85858585858587,Summer,Abundance,5.283225583318962,0.3635140916638296,4.919711491655132,5.646739674982792
Large,85.85858585858587,Winter,Richness,2.856409415435803,0.16377445206634988,2.692634963369453,3.0201838675021526
Large,85.85858585858587,Winter,Abundance,5.267010765585291,0.3630007149084421,4.904010050676849,5.630011480493733
Large,86.86868686868688,Summer,Richness,2.9193964000534787,0.16763895583575233,2.751757444217726,3.087035355889231
Large,86.86868686868688,Summer,Abundance,5.297935307470927,0.36753824148015024,4.9303970659907765,5.665473548951077
Large,86.86868686868688,Winter,Richness,2.8615789780407885,0.16477412986587517,2.696804848174913,3.026353107906664
Large,86.86868686868688,Winter,Abundance,5.283834574388992,0.3678948100747799,4.915939764314212,5.651729384463772
Large,87.87878787878789,Summer,Richness,2.9235060669410955,0.16876933982475006,2.754736727116345,3.092275406765846
Large,87.87878787878789,Summer,Abundance,5.312645031622893,0.37156239129647073,4.941082640326422,5.684207422919363
Large,87.87878787878789,Winter,Richness,2.8667485406457742,0.1657738076654004,2.7009747329803737,3.0325223483111747
Large,87.87878787878789,Winter,Abundance,5.300658383192692,0.37278890524111785,4.927869477951575,5.67344728843381
Large,88.8888888888889,Summer,Richness,2.9276157338287123,0.16989972381374777,2.7577160100149647,3.09751545764246
Large,88.8888888888889,Summer,Abundance,5.3273547557748575,0.3755865411127914,4.951768214662066,5.702941296887649
Large,88.8888888888889,Winter,Richness,2.8719181032507595,0.16677348546492565,2.705144617785834,3.038691588715685
Large,88.8888888888889,Winter,Abundance,5.317482191996393,0.37768300040745567,4.939799191588937,5.695165192403849
Large,89.89898989898991,Summer,Richness,2.9317254007163287,0.1710301078027455,2.7606952929135833,3.102755508519074
Large,89.89898989898991,Summer,Abundance,5.342064479926822,0.37961069092911176,4.962453788997711,5.721675170855934
Large,89.89898989898991,Winter,Richness,2.877087665855745,0.1677731632644509,2.7093145025912944,3.044860829120196
Large,89.89898989898991,Winter,Abundance,5.334306000800094,0.3825770955737936,4.9517289052263,5.716883096373888
Large,90.90909090909092,Summer,Richness,2.9358350676039455,0.17216049179174323,2.7636745758122023,3.1079955593956887
Large,90.90909090909092,Summer,Abundance,5.356774204078788,0.3836348407454322,4.973139363333356,5.74040904482422
Large,90.90909090909092,Winter,Richness,2.8822572284607304,0.16877284106397614,2.7134843873967545,3.0510300695247063
Large,90.90909090909092,Winter,Abundance,5.351129809603795,0.38747119074013153,4.963658618863663,5.738601000343927
Large,91.91919191919193,Summer,Richness,2.939944734491562,0.173290875780741,2.766653858710821,3.113235610272303
Large,91.91919191919193,Summer,Abundance,5.371483928230753,0.3876589905617529,4.9838249376690005,5.759142918792506
Large,91.91919191919193,Winter,Richness,2.887426791065716,0.16977251886350136,2.7176542722022146,3.0571993099292176
Large,91.91919191919193,Winter,Abundance,5.367953618407495,0.3923652859064692,4.975588332501026,5.760318904313964
Large,92.92929292929294,Summer,Richness,2.9440544013791787,0.17442125976973868,2.76963314160944,3.1184756611489175
Large,92.92929292929294,Summer,Abundance,5.386193652382719,0.3916831403780733,4.994510512004646,5.777876792760792
Large,92.92929292929294,Winter,Richness,2.892596353670702,0.17077219666302668,2.721824157007675,3.0633685503337285
Large,92.92929292929294,Winter,Abundance,5.384777427211196,0.3972593810728072,4.987518046138389,5.782036808284003
Large,93.93939393939395,Summer,Richness,2.948164068266795,0.17555164375873644,2.7726124245080586,3.1237157120255317
Large,93.93939393939395,Summer,Abundance,5.400903376534684,0.395707290194394,5.00519608634029,5.7966106667290775
Large,93.93939393939395,Winter,Richness,2.8977659162756875,0.17177187446255193,2.7259940418131356,3.0695377907382393
Large,93.93939393939395,Winter,Abundance,5.401601236014897,0.402153476239145,4.999447759775752,5.803754712254042
Large,94.94949494949496,Summer,Richness,2.952273735154412,0.17668202774773412,2.7755917074066776,3.1289557629021463
Large,94.94949494949496,Summer,Abundance,5.415613100686649,0.39973144001071437,5.015881660675935,5.815344540697363
Large,94.94949494949496,Winter,Richness,2.9029354788806727,0.17277155226207716,2.7301639266185957,3.0757070311427497
Large,94.94949494949496,Winter,Abundance,5.418425044818598,0.407047571405483,5.0113774734131145,5.825472616224081
Large,95.95959595959597,Summer,Richness,2.9563834020420288,0.17781241173673182,2.778570990305297,3.1341958137787604
Large,95.95959595959597,Summer,Abundance,5.430322824838614,0.4037555898270349,5.026567235011579,5.834078414665648
Large,95.95959595959597,Winter,Richness,2.9081050414856584,0.1737712300616024,2.734333811424056,3.081876271547261
Large,95.95959595959597,Winter,Abundance,5.435248853622299,0.4119416665718207,5.023307187050478,5.847190520194119
Large,96.96969696969697,Summer,Richness,2.960493068929645,0.1789427957257296,2.7815502732039157,3.1394358646553746
Large,96.96969696969697,Summer,Abundance,5.4450325489905795,0.4077797396433555,5.037252809347224,5.852812288633935
Large,96.96969696969697,Winter,Richness,2.9132746040906436,0.17477090786112764,2.738503696229516,3.0880455119517713
Large,96.96969696969697,Winter,Abundance,5.452072662425999,0.4168357617381585,5.03523690068784,5.868908424164157
Large,97.97979797979798,Summer,Richness,2.9646027358172624,0.1800731797147273,2.784529556102535,3.1446759155319897
Large,97.97979797979798,Summer,Abundance,5.4597422731425445,0.4118038894596759,5.047938383682869,5.87154616260222
Large,97.97979797979798,Winter,Richness,2.9184441666956293,0.1757705856606529,2.7426735810349765,3.094214752356282
Large,97.97979797979798,Winter,Abundance,5.4688964712297,0.42172985690449644,5.047166614325203,5.890626328134196
Large,98.98989898989899,Summer,Richness,2.968712402704879,0.181203563703725,2.7875088390011538,3.149915966408604
Large,98.98989898989899,Summer,Abundance,5.474451997294509,0.4158280392759963,5.058623958018513,5.8902800365705055
Large,98.98989898989899,Winter,Richness,2.923613729300615,0.17677026346017813,2.746843465840437,3.100383992760793
Large,98.98989898989899,Winter,Abundance,5.485720280033401,0.42662395207083426,5.059096327962567,5.9123442321042345
Large,100,Summer,Richness,2.9728220695924956,0.18233394769272276,2.790488121899773,3.1551560172852184
Large,100,Summer,Abundance,5.489161721446475,0.419852189092317,5.069309532354159,5.909013910538792
Large,100,Winter,Richness,2.9287832919056007,0.1777699412597034,2.751013350645897,3.1065532331653043
Large,100,Winter,Abundance,5.502544088837101,0.43151804723717224,5.071026041599929,5.934062136074273
