WVclass,logArea,predicted_prob,predicted_abundance,lower_CI,upper_CI,.group
High,4.5109619192773796,0.9999999999970993,20.54091329359705,12.654661245760321,28.427165341433778, a 
Low,4.5109619192773796,0.9999999999970993,24.79371614126455,15.0104840204889,34.576948262040204, ab
Medium,4.5109619192773796,0.9999999999970993,41.619726557654275,23.637242413825664,59.60221070148289,  b
