WVclass,emmean,SE,df,asymp.LCL,asymp.UCL,.group
High,2.449771731425091,0.19276970940833482,Inf,1.9894881927911783,2.9100552700590034, a
Low,2.5024917663391983,0.1924629021735929,Inf,2.0429408029637064,2.9620427297146903, a
Medium,2.564422897545845,0.21957116150079675,Inf,2.040144516322248,3.0887012787694426, a
