WVclass,logArea,predicted_prob,predicted_abundance,lower_CI,upper_CI,.group
High,5.094055788576171,0.9999999999970993,15.410428215286561,6.38393061014308,24.43692582043004, a 
Low,5.094055788576171,0.9999999999970993,35.29494599709288,24.10794762057664,46.481944373609124,  b
Medium,5.094055788576171,0.9999999999970993,58.34946539094326,35.42770382673234,81.27122695515418,  b
