WVclass,emmean,SE,df,asymp.LCL,asymp.UCL,.group
High,2.733832829628242,0.2978494217494994,Inf,2.022646480674828,3.4450191785816564, a 
Low,3.5625281733412586,0.16117730629110288,Inf,3.1776790125739747,3.9473773341085425,  b
Medium,4.065238589120761,0.2007428719910064,Inf,3.585917228108428,4.5445599501330936,  b
