WVclass,emmean,SE,df,asymp.LCL,asymp.UCL,.group
Low,1.9344539264459701,0.1723165975391499,Inf,1.523007057930608,2.345900794961332, a
High,2.126724841686129,0.310912763243374,Inf,1.3843466573160463,2.869103026056212, a
Medium,2.4949756777774823,0.20682093874008786,Inf,2.001141486508222,2.9888098690467424, a
