WVclass,emmean,SE,df,asymp.LCL,asymp.UCL,.group
High,2.9902653989725483,0.1979766748621712,Inf,2.5175489916478417,3.462981806297255, a 
Low,3.1784369709765996,0.1981561498344384,Inf,2.7052920244608294,3.65158191749237, ab
Medium,3.6964209822820138,0.22049458202861644,Inf,3.1699377148784422,4.222904249685585,  b
