WVclass,logArea,predicted_prob,predicted_abundance,lower_CI,upper_CI,.group
High,4.5109619192773796,0.9600315768893413,12.106336032652012,7.530305782966021,16.682366282338002, a
Low,4.5109619192773796,0.9999999995694857,12.761706274230919,7.907162232612697,17.616250315849143, a
Medium,4.5109619192773796,0.9999999995694547,13.577039863710382,7.751004967409927,19.40307476001084, a
