WVclass,logArea,predicted_prob,predicted_abundance,lower_CI,upper_CI,.group
High,5.094055788576171,0.9320375011020391,8.155269727917997,0,18.837329784270416, a
Low,5.094055788576171,0.42222472915210274,9.130003021445068,2.800684809090588,15.45932123379955, a
Medium,5.094055788576171,0.707250498607498,32.05369574845474,4.213184892953038,59.89420660395645, a
