WVclass,logArea,predicted_prob,predicted_abundance,lower_CI,upper_CI,.group
High,5.094055788576171,0.9999999999365391,8.645608119401874,3.3432487284220516,13.947967510381698, a
Low,5.094055788576171,0.9367031401179379,7.133346969022693,4.753212857433372,9.513481080612014, a
Medium,5.094055788576171,0.9999999995471139,12.494671784997351,7.394872373313736,17.594471196680967, a
