WVclass,logArea,predicted_prob,predicted_abundance,lower_CI,upper_CI,.group
High,4.5109619192773796,0.8177294640430611,20.846255230924278,9.626042411172973,32.06646805067558,  b
Low,4.5109619192773796,0.7364139659406173,7.619866785119479,3.3517993073567363,11.887934262882222, a 
Medium,4.5109619192773796,0.9511728092252669,39.78363478231787,14.890933443017918,64.67633612161782,  b
