WVclass,emmean,SE,df,asymp.LCL,asymp.UCL,.group
Low,0.9141826344152759,0.4694940147761452,Inf,-0.2068460124187117,2.0352112812492633, a
High,1.387809548397641,0.54958246051219,Inf,0.07555068536308407,2.7000684114321976, a
Medium,2.856178453253862,1.0357531799643125,Inf,0.3830713437989952,5.329285562708728, a
