WVclass,emmean,SE,df,asymp.LCL,asymp.UCL,.group
High,3.1786173915161275,1.052799669058087,Inf,0.6648077342105161,5.692427048821739, a
Medium,21.565709658812903,6706.380647155527,Inf,-15991.51344667294,16034.644865990565, a
Low,21.56578144118275,5846.486615054942,Inf,-13938.311815577916,13981.44337846028, a
