term,estimate,std_error,z_value,p_value,component,model,conf_low,conf_high,Estimate
(Intercept),3.0368115836275686,0.49504871100811865,6.134369237005782,8.549773425234755e-10,cond,summer_abundance,2.066533939458679,4.007089227796459,3.0368115836275686
logArea,0.10129804482174502,0.10179147274478582,0.9951525613124987,0.31966207008943653,cond,summer_abundance,-0.09820957569132567,0.30080566533481573,0.10129804482174502
factor(WVclass)1,0.3636150054090032,0.9134460122264433,0.3980695088073394,0.6905789495488588,cond,summer_abundance,-1.4267062803765591,2.1539362911945656,0.3636150054090032
factor(WVclass)2,-1.1287996641264895,0.5986188823345097,-1.8856733348008783,0.05933898832471717,cond,summer_abundance,-2.3020711139677488,0.04447178571476962,-1.1287996641264895
logArea:factor(WVclass)1,0.041988991910820735,0.1901621903223865,0.2208062067419175,0.8252433305789957,cond,summer_abundance,-0.3307220523423079,0.41470003616394935,0.041988991910820735
logArea:factor(WVclass)2,0.3278882871938653,0.12722963661399675,2.5771376537736157,0.009962226879806864,cond,summer_abundance,0.07852278166431315,0.5772537927234175,0.3278882871938653
