model,family,theta,logLik,AIC,BIC,nobs
winter_richness,nbinom2,12512.366298947918,-196.87328245652654,409.7465649130531,427.73452684944795,70
