term,estimate,std_error,z_value,p_value,model,conf_low,conf_high,Estimate
(Intercept),-0.258026873131507,0.20535435925080306,-1.2564957182933432,0.20893629733897987,summer_richness_logWV_by_troph,-0.6605140213313806,0.14446027506836656,-0.258026873131507
logWV,0.24699738120645245,0.0477648846420797,5.17110808614523,2.3270990832247538e-7,summer_richness_logWV_by_troph,0.15337992758226593,0.340614834830639,0.24699738120645245
factor(trophLevel)richness_3,1.546953345349196,0.2234077230419388,6.924350350497046,4.379807540372397e-12,summer_richness_logWV_by_troph,1.109082254318897,1.984824436379495,1.546953345349196
factor(trophLevel)richness_4,1.1695535846992182,0.23378497288383926,5.002689310062432,5.653601762988762e-7,summer_richness_logWV_by_troph,0.7113434577202202,1.6277637116782162,1.1695535846992182
logWV:factor(trophLevel)richness_3,-0.12825729810173955,0.05235167261797529,-2.4499178667636605,0.014288880410653843,summer_richness_logWV_by_troph,-0.23086469096340284,-0.02564990524007628,-0.12825729810173955
logWV:factor(trophLevel)richness_4,-0.11644727287132933,0.05501119841913797,-2.1167921481023075,0.034277492043435075,summer_richness_logWV_by_troph,-0.22426724051922647,-0.008627305223432177,-0.11644727287132933
