model,family,theta,logLik,AIC,BIC,nobs
summer_richness_logWV_by_troph,nbinom2,206544.25187483925,-389.76719096711037,795.5343819342207,822.1961322803437,207
