term,estimate,std_error,z_value,p_value,model,conf_low,conf_high,Estimate
(Intercept),-0.6323079012090207,0.5308051452154716,-1.1912241373476997,0.2335656062728214,winter_count_logWV_by_troph,-1.6726668686398982,0.40805106622185683,-0.6323079012090207
logWV,0.7154426893274998,0.13538326034418427,5.284572756695569,1.2599846638283288e-7,winter_count_logWV_by_troph,0.4500963749432889,0.9807890037117106,0.7154426893274998
factor(trophLevel)count_3,4.080089709500931,0.5777967402441534,7.061461973248328,1.6475983556103196e-12,winter_count_logWV_by_troph,2.947628908237746,5.212550510764116,4.080089709500931
factor(trophLevel)count_4,1.7056705652883084,0.5803075457089648,2.9392527770847465,0.0032900462670373896,winter_count_logWV_by_troph,0.5682886757419063,2.8430524548347105,1.7056705652883084
logWV:factor(trophLevel)count_3,-0.7146509669086216,0.14498416312928813,-4.929165720474856,8.258150363049875e-7,winter_count_logWV_by_troph,-0.9988147049707063,-0.4304872288465369,-0.7146509669086216
logWV:factor(trophLevel)count_4,-0.44416872689611736,0.14751198028216086,-3.0110688368938683,0.0026032982798936013,winter_count_logWV_by_troph,-0.7332868955373352,-0.15505055825489955,-0.44416872689611736
