model,family,theta,logLik,AIC,BIC,nobs
summer_abundance,nbinom2,13086.563069570046,-339.3347712595516,694.6695425191032,712.5423945558813,69
