model,family,theta,logLik,AIC,BIC,nobs
summer_richness,nbinom2,11338.132422956985,-188.57385729773677,393.14771459547353,411.0205666322516,69
